TIME,leftTop x,leftTop y,rightBottom x,rightBottom y,area,areaRatio
0,232,122,391,318,31164,1
1,235,128,398,325,32111,1.030387627
2,237,128,399,326,32076,1.029264536
3,233,127,397,326,32636,1.047233988
4,233,127,398,327,33000,1.058914132
5,234,127,397,327,32600,1.046078809
6,236,128,398,326,32076,1.029264536
7,237,130,399,326,31752,1.018867925
8,236,129,398,328,32238,1.034462842
9,235,128,398,327,32437,1.040848415
10,235,128,398,327,32437,1.040848415
11,236,128,398,327,32238,1.034462842
12,236,130,398,327,31914,1.02406623
13,237,129,398,327,31878,1.022911051
14,236,129,398,327,32076,1.029264536
15,234,126,398,327,32964,1.057758953
16,235,129,398,327,32274,1.035618021
17,234,127,398,327,32800,1.05249647
18,236,129,398,328,32238,1.034462842
19,234,128,397,329,32763,1.051309203
20,234,128,398,330,33128,1.063021435
21,234,128,398,330,33128,1.063021435
22,234,128,397,329,32763,1.051309203
23,235,127,399,329,33128,1.063021435
24,234,129,398,328,32636,1.047233988
25,234,127,398,329,33128,1.063021435
26,234,126,398,329,33292,1.068283917
27,235,128,398,330,32926,1.056539597
28,234,127,397,330,33089,1.061769991
29,234,129,398,329,32800,1.05249647
30,234,126,397,329,33089,1.061769991
31,234,128,398,329,32964,1.057758953
32,233,127,397,329,33128,1.063021435
33,233,126,397,329,33292,1.068283917
34,234,127,398,328,32964,1.057758953
35,234,126,397,329,33089,1.061769991
36,233,128,397,328,32800,1.05249647
37,233,126,396,329,33089,1.061769991
38,234,127,397,330,33089,1.061769991
39,234,127,397,330,33089,1.061769991
40,234,127,398,330,33292,1.068283917
41,234,127,398,330,33292,1.068283917
42,234,128,397,330,32926,1.056539597
43,234,127,397,331,33252,1.067000385
44,233,126,397,330,33456,1.0735464
45,234,128,396,331,32886,1.055256065
46,253,128,417,332,33456,1.0735464
47,250,130,414,324,31816,1.020921576
48,241,139,409,348,35112,1.126684636
49,220,73,399,291,39022,1.252149917
50,210,125,367,311,29202,0.937042742
51,233,131,377,313,26208,0.84097035
52,241,128,387,307,26134,0.838595816
53,225,130,380,303,26815,0.860447953
54,223,129,375,315,28272,0.907200616
55,233,122,377,303,26064,0.836349634
56,275,123,414,303,25020,0.802849442
57,275,130,432,311,28417,0.911853421
58,228,120,372,296,25344,0.813246053
59,169,142,335,312,28220,0.905532024
60,216,132,368,318,28272,0.907200616
61,233,126,386,311,28305,0.90825953
62,241,127,388,313,27342,0.877358491
63,245,126,390,304,25810,0.828199204
64,242,126,388,311,27010,0.866705173
65,248,126,395,308,26754,0.858490566
66,246,125,395,309,27416,0.879733025
67,249,127,395,311,26864,0.86202028
68,241,130,394,318,28764,0.922988063
69,229,130,389,328,31680,1.016557566
70,238,129,395,329,31400,1.00757284
71,240,128,396,328,31200,1.001155179
72,240,133,397,335,31714,1.017648569
73,239,135,396,337,31714,1.017648569
74,239,140,398,346,32754,1.051020408
75,238,142,398,347,32800,1.05249647
76,240,144,398,348,32232,1.034270312
77,240,147,397,349,31714,1.017648569
78,237,130,396,338,33072,1.06122449
79,235,130,396,338,33488,1.074573226
80,231,131,394,340,34067,1.093152355
81,237,130,397,338,33280,1.067898858
82,240,131,398,339,32864,1.054550122
83,246,137,403,347,32970,1.057951482
84,244,146,402,352,32548,1.044410217
85,243,147,402,354,32913,1.056122449
86,239,147,399,354,33120,1.062764729
87,239,147,399,355,33280,1.067898858
88,239,148,399,354,32960,1.057630599
89,239,148,401,355,33534,1.076049288
90,237,148,397,355,33120,1.062764729
91,237,150,398,355,33005,1.059074573
92,238,135,400,342,33534,1.076049288
93,235,130,396,339,33649,1.079739443
94,238,134,398,339,32800,1.05249647
95,237,132,397,339,33120,1.062764729
96,235,132,396,336,32844,1.053908356
97,236,131,395,335,32436,1.040816327
98,234,130,394,333,32480,1.042228212
99,235,129,394,333,32436,1.040816327
100,233,127,394,333,33166,1.064240791
101,234,128,394,333,32800,1.05249647
102,233,127,393,332,32800,1.05249647
103,233,129,392,327,31482,1.010204082
104,234,128,394,329,32160,1.031959954
105,232,125,393,333,33488,1.074573226
106,232,127,393,333,33166,1.064240791
107,233,128,393,332,32640,1.047362341
108,234,132,393,334,32118,1.030612245
109,235,140,396,344,32844,1.053908356
110,234,143,396,349,33372,1.070850982
111,232,140,395,348,33904,1.087921961
112,232,140,395,347,33741,1.082691567
113,234,142,394,350,33280,1.067898858
114,234,143,394,349,32960,1.057630599
115,233,142,395,349,33534,1.076049288
116,232,144,392,350,32960,1.057630599
117,230,147,391,351,32844,1.053908356
118,235,140,395,346,32960,1.057630599
119,238,137,396,344,32706,1.049480169
120,229,135,376,320,27195,0.872641509
121,227,130,368,302,24252,0.778205622
122,244,121,386,299,25276,0.811064048
123,243,127,385,304,25134,0.806507509
124,231,123,387,310,29172,0.936080092
125,230,120,387,310,29830,0.957194198
126,231,122,387,310,29328,0.941085868
127,231,126,386,311,28675,0.920132204
128,231,127,386,311,28520,0.915158516
129,231,127,385,310,28182,0.904312668
130,230,123,383,313,29070,0.932807085
131,229,126,381,312,28272,0.907200616
132,229,125,383,314,29106,0.933962264
133,229,125,383,314,29106,0.933962264
134,229,125,383,314,29106,0.933962264
135,229,125,383,315,29260,0.938903863
136,228,126,383,315,29295,0.940026954
137,229,125,384,316,29605,0.949974329
138,228,126,382,317,29414,0.943845463
139,228,127,382,318,29414,0.943845463
140,228,127,382,318,29414,0.943845463
141,229,127,381,315,28576,0.916955461
142,229,125,382,314,28917,0.927897574
143,229,124,383,315,29414,0.943845463
144,230,125,383,316,29223,0.937716596
145,229,126,384,318,29760,0.954948017
146,228,126,383,320,30070,0.964895392
147,228,127,383,320,29915,0.959921705
148,227,128,382,317,29295,0.940026954
149,228,126,382,318,29568,0.948787062
150,228,126,381,319,29529,0.947535618
151,228,127,382,318,29414,0.943845463
152,228,125,381,318,29529,0.947535618
153,227,127,381,318,29414,0.943845463
154,227,127,381,318,29414,0.943845463
155,227,127,381,318,29414,0.943845463
156,227,127,381,318,29414,0.943845463
157,227,124,381,318,29876,0.958670261
158,228,125,381,317,29376,0.942626107
159,228,124,380,316,29184,0.936465152
160,228,125,381,316,29223,0.937716596
161,229,125,381,316,29032,0.931587729
162,228,125,381,317,29376,0.942626107
163,228,125,381,316,29223,0.937716596
164,228,125,381,317,29376,0.942626107
165,228,127,382,316,29106,0.933962264
166,228,125,381,318,29529,0.947535618
167,228,124,381,317,29529,0.947535618
168,228,124,381,317,29529,0.947535618
169,228,124,381,317,29529,0.947535618
170,227,126,381,315,29106,0.933962264
171,228,124,380,315,29032,0.931587729
172,228,124,381,316,29376,0.942626107
173,228,125,381,316,29223,0.937716596
174,229,124,380,313,28539,0.915768194
175,229,123,380,308,27935,0.896386857
176,229,123,380,308,27935,0.896386857
177,227,123,378,310,28237,0.906077525
178,229,123,378,311,28012,0.898857656
179,228,124,378,310,27900,0.895263766
180,228,123,379,311,28388,0.91092286
181,229,124,378,312,28012,0.898857656
182,229,125,379,310,27750,0.89045052
183,229,124,379,310,27900,0.895263766
184,229,125,379,311,27900,0.895263766
185,230,126,380,311,27750,0.89045052
186,230,124,381,311,28237,0.906077525
187,230,125,381,312,28237,0.906077525
188,230,124,382,311,28424,0.912078039
189,230,123,382,312,28728,0.921832884
190,232,127,387,318,29605,0.949974329
191,231,128,388,319,29987,0.962232063
192,232,127,388,317,29640,0.95109742
193,233,126,388,315,29295,0.940026954
194,232,124,384,312,28576,0.916955461
195,231,124,384,314,29070,0.932807085
196,225,125,376,315,28690,0.920613528
197,223,126,375,314,28576,0.916955461
198,224,125,377,313,28764,0.922988063
199,226,124,380,312,28952,0.929020665
200,229,125,382,314,28917,0.927897574
201,228,123,382,315,29568,0.948787062
202,230,129,385,319,29450,0.945000642
203,231,130,388,322,30144,0.967269927
204,230,129,388,324,30810,0.988640739
205,228,129,385,322,30301,0.972307791
206,231,127,387,327,31200,1.001155179
207,229,127,388,324,31323,1.005102041
208,229,126,386,325,31243,1.002534976
209,229,128,385,323,30420,0.9761263
210,229,128,384,324,30380,0.974842767
211,229,131,385,322,29796,0.956103196
212,228,131,385,317,29202,0.937042742
213,229,130,384,320,29450,0.945000642
214,228,129,384,320,29796,0.956103196
215,228,131,384,316,28860,0.926068541
216,227,131,384,315,28888,0.926967013
217,227,128,383,321,30108,0.966114748
218,228,129,384,321,29952,0.961108972
219,227,128,384,319,29987,0.962232063
220,227,130,383,320,29640,0.95109742
221,227,129,383,322,30108,0.966114748
222,228,128,384,322,30264,0.971120524
223,228,129,387,324,31005,0.994897959
224,229,129,388,325,31164,1
225,228,128,386,324,30968,0.993710692
226,230,128,388,330,31916,1.024130407
227,228,129,388,322,30880,0.990886921
228,227,128,385,321,30494,0.978500834
229,228,131,388,322,30560,0.980618663
230,229,131,388,326,31005,0.994897959
231,228,131,388,327,31360,1.006289308
232,229,132,388,323,30369,0.974489796
233,229,130,388,326,31164,1
234,229,131,389,325,31040,0.99602105
235,229,130,388,328,31482,1.010204082
236,229,130,387,320,30020,0.963290977
237,226,128,383,319,29987,0.962232063
238,230,125,395,331,33990,1.090681556
239,234,127,406,341,36808,1.181106405
240,232,140,405,355,37195,1.19352458
241,235,153,404,374,37349,1.198466179
242,225,154,388,362,33904,1.087921961
243,226,154,385,364,33390,1.071428571
244,228,142,393,358,35640,1.143627262
245,227,142,392,361,36135,1.159510974
246,228,146,390,358,34344,1.102040816
247,231,152,397,362,34860,1.118598383
248,229,146,395,358,35192,1.129251701
249,233,138,402,352,36166,1.160505712
250,251,139,421,356,36890,1.183737646
251,263,151,434,368,37107,1.190700809
252,266,149,437,365,36936,1.185213708
253,265,153,439,365,36888,1.183673469
254,264,152,440,366,37664,1.208573996
255,264,152,437,368,37368,1.199075857
256,265,153,438,371,37714,1.210178411
257,270,151,440,368,36890,1.183737646
258,264,153,434,368,36550,1.172827622
259,266,155,432,378,37018,1.187844949
260,268,156,432,388,38048,1.220895906
261,262,156,435,378,38406,1.232383519
262,263,156,438,381,39375,1.263477089
263,264,155,437,381,39098,1.254588628
264,265,156,437,380,38528,1.236298293
265,263,151,438,382,40425,1.297169811
266,263,156,436,379,38579,1.237934797
267,262,156,437,379,39025,1.252246181
268,262,152,436,377,39150,1.25625722
269,263,157,437,377,38280,1.228340393
270,262,156,438,378,39072,1.253754332
271,255,156,428,376,38060,1.221280965
272,258,156,429,374,37278,1.196187909
273,258,155,429,375,37620,1.20716211
274,259,155,430,372,37107,1.190700809
275,256,153,428,370,37324,1.197663971
276,257,153,428,367,36594,1.174239507
277,257,152,429,367,36980,1.186625594
278,257,154,429,372,37496,1.20318316
279,257,153,429,370,37324,1.197663971
280,258,152,428,369,36890,1.183737646
281,258,152,431,369,37541,1.204627134
282,256,141,431,367,39550,1.269092543
283,259,142,430,367,38475,1.234597613
284,254,137,421,366,38243,1.227153125
285,256,151,428,368,37324,1.197663971
286,254,136,421,364,38076,1.221794378
287,245,139,413,356,36456,1.169811321
288,223,137,388,347,34650,1.111859838
289,228,135,394,346,35026,1.123925042
290,240,144,406,355,35026,1.123925042
291,245,145,410,358,35145,1.12774355
292,246,142,409,359,35371,1.134995508
293,245,145,410,360,35475,1.138332692
294,245,143,410,359,35640,1.143627262
295,234,132,400,339,34362,1.102618406
296,216,134,380,341,33948,1.089333847
297,218,131,380,340,33858,1.086445899
298,218,133,380,340,33534,1.076049288
299,214,137,379,342,33825,1.085386985
300,216,134,380,341,33948,1.089333847
301,215,136,380,341,33825,1.085386985
302,216,135,380,341,33784,1.084071364
303,218,135,379,342,33327,1.069407008
304,220,137,384,346,34276,1.099858811
305,211,143,373,352,33858,1.086445899
306,208,146,372,358,34768,1.115646259
307,207,148,372,357,34485,1.106565268
308,211,147,374,357,34230,1.098382749
309,212,146,376,358,34768,1.115646259
310,215,147,378,359,34556,1.108843537
311,221,148,383,358,34020,1.091644205
312,221,147,383,357,34020,1.091644205
313,216,147,379,358,34393,1.103613143
314,220,146,380,354,33280,1.067898858
315,225,137,388,346,34067,1.093152355
316,227,131,391,339,34112,1.094596329
317,225,131,388,340,34067,1.093152355
318,224,132,389,340,34320,1.101270697
319,225,132,388,340,33904,1.087921961
320,223,133,388,339,33990,1.090681556
321,223,130,387,341,34604,1.110383776
322,224,129,389,338,34485,1.106565268
323,224,129,389,337,34320,1.101270697
324,228,137,392,346,34276,1.099858811
325,227,146,390,353,33741,1.082691567
326,226,144,390,353,34276,1.099858811
327,225,144,391,353,34694,1.113271724
328,225,145,388,353,33904,1.087921961
329,227,144,389,353,33858,1.086445899
330,231,145,397,355,34860,1.118598383
331,233,146,399,354,34528,1.107945065
332,240,143,405,358,35475,1.138332692
333,241,143,406,361,35970,1.154216404
334,246,141,411,362,36465,1.170100116
335,245,146,412,369,37241,1.195000642
336,245,147,412,368,36907,1.184283147
337,245,149,412,370,36907,1.184283147
338,245,150,413,369,36792,1.180592992
339,234,142,404,353,35870,1.151007573
340,216,132,381,339,34155,1.095976126
341,223,135,388,342,34155,1.095976126
342,222,133,387,340,34155,1.095976126
343,222,132,389,340,34736,1.114619433
344,223,133,389,339,34196,1.097291747
345,227,132,391,339,33948,1.089333847
346,243,128,397,320,29568,0.948787062
347,221,132,366,316,26680,0.856116031
348,228,127,374,311,26864,0.86202028
349,215,119,367,300,27512,0.882813503
350,212,125,369,315,29830,0.957194198
351,220,129,376,323,30264,0.971120524
352,225,129,385,328,31840,1.021691696
353,224,130,382,326,30968,0.993710692
354,224,130,381,325,30615,0.982383519
355,228,130,387,325,31005,0.994897959
356,229,136,389,344,33280,1.067898858
357,228,142,392,349,33948,1.089333847
358,226,140,389,347,33741,1.082691567
359,227,140,391,347,33948,1.089333847
360,228,131,391,342,34393,1.103613143
361,228,132,391,337,33415,1.072230779
362,227,130,389,338,33696,1.081247593
363,228,130,390,333,32886,1.055256065
364,222,131,384,332,32562,1.044859453
365,225,130,387,329,32238,1.034462842
366,227,129,387,336,33120,1.062764729
367,227,129,387,330,32160,1.031959954
368,228,130,390,330,32400,1.039661147
369,228,131,390,330,32238,1.034462842
370,228,128,390,332,33048,1.06045437
371,228,130,389,329,32039,1.028077269
372,227,131,388,329,31878,1.022911051
373,227,130,387,329,31840,1.021691696
374,228,130,388,328,31680,1.016557566
375,227,130,388,331,32361,1.038409704
376,227,129,387,331,32320,1.037094083
377,227,128,388,331,32683,1.048742138
378,227,130,387,330,32000,1.026825825
379,227,129,388,329,32200,1.033243486
380,227,129,388,329,32200,1.033243486
381,226,129,387,330,32361,1.038409704
382,227,129,387,330,32160,1.031959954
383,227,129,387,329,32000,1.026825825
384,226,130,387,329,32039,1.028077269
385,226,129,387,330,32361,1.038409704
386,226,130,387,329,32039,1.028077269
387,229,130,387,326,30968,0.993710692
388,231,131,387,322,29796,0.956103196
389,231,131,388,322,29987,0.962232063
390,218,125,370,314,28728,0.921832884
391,221,124,376,317,29915,0.959921705
392,221,123,379,321,31284,1.003850597
393,220,124,376,321,30732,0.986137851
394,222,124,381,321,31323,1.005102041
395,222,125,380,321,30968,0.993710692
396,222,124,380,323,31442,1.008920549
397,223,123,380,322,31243,1.002534976
398,223,124,381,321,31126,0.998780644
399,224,126,381,321,30615,0.982383519
400,224,126,382,322,30968,0.993710692
401,223,125,381,322,31126,0.998780644
402,224,124,381,322,31086,0.997497112
403,224,124,381,323,31243,1.002534976
404,225,123,382,322,31243,1.002534976
405,224,125,382,321,30968,0.993710692
406,223,125,374,317,28992,0.930304197
407,231,131,380,319,28012,0.898857656
408,231,132,384,316,28152,0.903350019
409,238,128,394,324,30576,0.981132075
410,232,127,394,326,32238,1.034462842
411,229,128,389,326,31680,1.016557566
412,233,127,390,324,30929,0.992459248
413,231,131,389,324,30494,0.978500834
414,229,129,387,325,30968,0.993710692
415,231,128,391,326,31680,1.016557566
416,231,128,391,326,31680,1.016557566
417,231,130,388,323,30301,0.972307791
418,228,133,385,326,30301,0.972307791
419,228,129,379,320,28841,0.925458863
420,227,134,383,334,31200,1.001155179
421,226,140,386,341,32160,1.031959954
422,227,139,387,341,32320,1.037094083
423,229,136,391,342,33372,1.070850982
424,230,128,393,328,32600,1.046078809
425,231,130,391,325,31200,1.001155179
426,231,130,391,329,31840,1.021691696
427,231,125,390,343,34662,1.112244898
428,231,126,389,351,35550,1.140739315
429,230,124,387,355,36267,1.163746631
430,229,120,382,356,36108,1.15864459
431,226,127,385,324,31323,1.005102041
432,230,127,391,319,30912,0.991913747
433,231,129,391,322,30880,0.990886921
434,231,128,393,323,31590,1.013669619
435,231,129,392,325,31556,1.012578616
436,230,130,390,324,31040,0.99602105
437,231,130,393,325,31590,1.013669619
438,231,130,392,326,31556,1.012578616
439,231,129,393,328,32238,1.034462842
440,234,142,395,349,33327,1.069407008
441,233,151,395,357,33372,1.070850982
442,230,140,395,353,35145,1.12774355
443,230,130,394,345,35260,1.131433706
444,229,131,393,344,34932,1.120908741
445,229,133,391,347,34668,1.112437428
446,228,144,390,354,34020,1.091644205
447,226,154,390,362,34112,1.094596329
448,226,139,390,352,34932,1.120908741
449,228,134,394,347,35358,1.13457836
450,230,129,394,343,35096,1.126171223
451,229,131,393,344,34932,1.120908741
452,229,131,392,342,34393,1.103613143
453,229,131,392,340,34067,1.093152355
454,228,131,393,341,34650,1.111859838
455,228,129,392,339,34440,1.105121294
456,228,129,391,338,34067,1.093152355
457,228,130,391,338,33904,1.087921961
458,233,143,398,350,34155,1.095976126
459,234,149,398,357,34112,1.094596329
460,233,148,396,358,34230,1.098382749
461,230,149,395,360,34815,1.117154409
462,235,146,402,358,35404,1.136054422
463,241,146,405,360,35096,1.126171223
464,239,147,405,358,35026,1.123925042
465,239,145,403,360,35260,1.131433706
466,241,146,405,356,34440,1.105121294
467,241,146,402,357,33971,1.090071878
468,237,148,402,355,34155,1.095976126
469,234,147,401,353,34402,1.103901938
470,233,146,400,354,34736,1.114619433
471,237,150,402,353,33495,1.074797844
472,237,143,402,354,34815,1.117154409
473,237,141,402,349,34320,1.101270697
474,238,141,402,349,34112,1.094596329
475,236,135,399,346,34393,1.103613143
476,233,133,396,345,34556,1.108843537
477,234,137,397,346,34067,1.093152355
478,238,136,402,348,34768,1.115646259
479,238,139,401,349,34230,1.098382749
480,236,138,399,353,35045,1.12453472
481,233,140,397,354,35096,1.126171223
482,233,139,397,349,34440,1.105121294
483,232,134,396,346,34768,1.115646259
484,230,134,395,346,34980,1.12244898
485,229,134,393,347,34932,1.120908741
486,230,132,394,346,35096,1.126171223
487,237,133,400,346,34719,1.114073931
488,238,139,400,347,33696,1.081247593
489,237,142,401,349,33948,1.089333847
490,237,141,401,349,34112,1.094596329
491,238,141,403,348,34155,1.095976126
492,250,138,416,346,34528,1.107945065
493,244,131,406,338,33534,1.076049288
494,230,133,388,326,30494,0.978500834
495,230,129,387,321,30144,0.967269927
496,232,132,387,320,29140,0.935053267
497,233,130,388,329,30845,0.98976383
498,231,133,384,325,29376,0.942626107
499,226,131,383,332,31557,1.012610705
500,232,135,393,340,33005,1.059074573
501,230,129,397,343,35738,1.146771916
502,233,131,399,343,35192,1.129251701
503,247,140,414,353,35571,1.141413169
504,247,137,418,359,37962,1.218136311
505,252,140,426,362,38628,1.239507124
506,252,139,421,364,38025,1.220157874
507,252,138,423,364,38646,1.240084713
508,252,138,423,364,38646,1.240084713
509,252,137,423,364,38817,1.245571814
510,252,138,422,363,38250,1.227377744
511,249,137,419,362,38250,1.227377744
512,246,138,416,362,38080,1.221922731
513,247,138,419,362,38528,1.236298293
514,248,138,419,361,38133,1.223623412
515,249,140,419,364,38080,1.221922731
516,249,139,420,365,38646,1.240084713
517,250,137,421,364,38817,1.245571814
518,251,137,422,363,38646,1.240084713
519,242,127,412,345,37060,1.189192658
520,250,126,417,339,35571,1.141413169
521,232,123,400,331,34944,1.121293801
522,229,126,396,334,34736,1.114619433
523,228,126,396,332,34608,1.110512129
524,227,125,396,335,35490,1.138814016
525,228,125,397,339,36166,1.160505712
526,232,128,400,346,36624,1.175202156
527,231,139,401,363,38080,1.221922731
528,227,152,399,384,39904,1.280451803
529,226,154,398,377,38356,1.230779104
530,225,153,396,373,37620,1.20716211
531,224,154,394,378,38080,1.221922731
532,223,154,395,377,38356,1.230779104
533,223,157,393,381,38080,1.221922731
534,227,153,401,375,38628,1.239507124
535,232,149,404,384,40420,1.29700937
536,238,147,408,370,37910,1.216467719
537,245,152,415,378,38420,1.232832756
538,246,151,415,376,38025,1.220157874
539,245,151,413,375,37632,1.20754717
540,245,150,413,376,37968,1.218328841
541,242,146,410,372,37968,1.218328841
542,243,149,412,376,38363,1.231003722
543,244,152,413,375,37687,1.209312027
544,244,150,413,381,39039,1.252695418
545,244,150,413,373,37687,1.209312027
546,245,147,414,373,38194,1.225580798
547,245,148,414,375,38363,1.231003722
548,246,148,415,375,38363,1.231003722
549,246,149,415,373,37856,1.214734951
550,240,144,410,361,36890,1.183737646
551,226,141,398,356,36980,1.186625594
552,229,138,400,358,37620,1.20716211
553,235,139,407,357,37496,1.20318316
554,238,140,409,360,37620,1.20716211
555,232,139,407,359,38500,1.23539982
556,235,140,407,363,38356,1.230779104
557,234,145,406,370,38700,1.241817482
558,235,146,406,372,38646,1.240084713
559,234,144,407,370,39098,1.254588628
560,233,146,407,369,38802,1.245090489
561,234,145,405,372,38817,1.245571814
562,233,147,404,372,38475,1.234597613
563,233,143,405,374,39732,1.274932615
564,233,147,405,379,39904,1.280451803
565,234,148,405,381,39843,1.278494417
566,233,149,405,379,39560,1.269413426
567,231,148,404,376,39444,1.265691182
568,232,147,404,378,39732,1.274932615
569,232,145,405,372,39271,1.260139905
570,237,134,406,359,38025,1.220157874
571,235,136,406,359,38133,1.223623412
572,236,137,406,358,37570,1.205557695
573,233,143,404,373,39330,1.262033115
574,230,148,404,371,38802,1.245090489
575,232,148,404,377,39388,1.263894237
576,230,142,406,365,39248,1.259401874
577,230,139,403,360,38233,1.226832242
578,231,138,403,357,37668,1.208702349
579,230,138,403,359,38233,1.226832242
580,231,138,405,359,38454,1.233923758
581,231,137,404,358,38233,1.226832242
582,231,138,404,358,38060,1.221280965
583,230,137,403,359,38406,1.232383519
584,228,140,401,362,38406,1.232383519
585,228,138,401,359,38233,1.226832242
586,228,143,402,363,38280,1.228340393
587,227,145,402,364,38325,1.229784367
588,233,140,406,359,37887,1.215729688
589,246,140,413,359,36573,1.173565653
590,238,141,410,364,38356,1.230779104
591,242,144,410,368,37632,1.20754717
592,243,144,410,369,37575,1.205718136
593,242,146,410,370,37632,1.20754717
594,242,146,410,371,37800,1.212938005
595,242,147,411,371,37856,1.214734951
596,242,148,411,375,38363,1.231003722
597,240,146,411,376,39330,1.262033115
598,240,147,411,376,39159,1.256546015
599,239,146,409,371,38250,1.227377744
600,240,145,410,374,38930,1.249197792
601,240,146,411,374,38988,1.251058914
602,241,146,413,369,38356,1.230779104
603,240,147,410,372,38250,1.227377744
604,241,147,410,373,38194,1.225580798
605,240,148,410,373,38250,1.227377744
606,239,146,411,372,38872,1.247336671
607,239,145,410,373,38988,1.251058914
608,240,146,409,370,37856,1.214734951
609,240,146,410,372,38420,1.232832756
610,240,145,410,371,38420,1.232832756
611,241,146,410,370,37856,1.214734951
612,241,147,410,373,38194,1.225580798
613,241,147,410,374,38363,1.231003722
614,242,148,411,373,38025,1.220157874
615,240,148,411,373,38475,1.234597613
616,240,147,411,373,38646,1.240084713
617,238,147,411,373,39098,1.254588628
618,238,148,410,375,39044,1.252855859
619,239,146,410,373,38817,1.245571814
620,240,147,409,373,38194,1.225580798
621,239,146,410,372,38646,1.240084713
622,239,146,409,371,38250,1.227377744
623,240,146,410,369,37910,1.216467719
624,241,147,410,373,38194,1.225580798
625,242,147,410,371,37632,1.20754717
626,242,148,410,370,37296,1.196765499
627,242,149,411,370,37349,1.198466179
628,242,148,411,372,37856,1.214734951
629,242,141,411,359,36842,1.182197407
630,237,134,404,349,35905,1.152130664
631,227,127,393,337,34860,1.118598383
632,232,133,401,346,35997,1.155082788
633,236,140,408,356,37152,1.192144782
634,240,124,413,343,37887,1.215729688
635,235,126,408,344,37714,1.210178411
636,239,123,409,339,36720,1.178282634
637,237,125,406,338,35997,1.155082788
638,237,126,408,342,36936,1.185213708
639,238,127,409,344,37107,1.190700809
640,238,126,409,344,37278,1.196187909
641,237,127,409,343,37152,1.192144782
642,236,126,409,344,37714,1.210178411
643,236,131,407,347,36936,1.185213708
644,235,127,408,345,37714,1.210178411
645,233,126,406,347,38233,1.226832242
646,233,126,406,346,38060,1.221280965
647,197,128,353,315,29172,0.936080092
648,226,127,384,320,30494,0.978500834
649,241,126,407,330,33864,1.086638429
650,238,127,403,328,33165,1.064208702
651,238,126,405,333,34569,1.109260685
652,239,125,406,334,34903,1.11997818
653,237,126,404,333,34569,1.109260685
654,238,125,405,332,34569,1.109260685
655,237,123,404,332,34903,1.11997818
656,242,125,409,330,34235,1.098543191
657,244,123,410,331,34528,1.107945065
658,242,123,409,332,34903,1.11997818
659,240,126,408,335,35112,1.126684636
660,240,125,407,337,35404,1.136054422
661,240,127,408,335,34944,1.121293801
662,239,126,407,334,34944,1.121293801
663,238,127,404,335,34528,1.107945065
664,237,128,405,335,34776,1.115902965
665,237,128,404,336,34736,1.114619433
666,237,128,404,336,34736,1.114619433
667,236,127,402,337,34860,1.118598383
668,236,129,402,337,34528,1.107945065
669,237,128,403,337,34694,1.113271724
670,237,128,404,338,35070,1.125336927
671,238,127,405,334,34569,1.109260685
672,241,130,403,331,32562,1.044859453
673,241,134,399,327,30494,0.978500834
674,246,130,401,322,29760,0.954948017
675,227,131,381,320,29106,0.933962264
676,239,131,400,328,31717,1.017744834
677,236,131,399,331,32600,1.046078809
678,232,129,399,332,33901,1.087825696
679,233,131,398,331,33000,1.058914132
680,237,124,399,318,31428,1.008471313
681,229,125,379,311,27900,0.895263766
682,220,127,368,311,27232,0.873828777
683,206,124,357,312,28388,0.91092286
684,209,124,360,311,28237,0.906077525
685,211,116,363,307,29032,0.931587729
686,227,115,383,307,29952,0.961108972
687,214,112,370,304,29952,0.961108972
688,225,112,380,305,29915,0.959921705
689,232,104,391,300,31164,1
690,223,105,391,309,34272,1.099730458
691,230,101,403,315,37022,1.187973303
692,228,104,403,323,38325,1.229784367
693,235,120,411,347,39952,1.281992042
694,229,123,409,351,41040,1.31690412
695,230,127,408,353,40228,1.290848415
696,237,131,413,358,39952,1.281992042
697,237,133,413,361,40128,1.287639584
698,241,133,415,364,40194,1.289757412
699,240,133,415,360,39725,1.274707996
700,231,132,412,360,41268,1.324220254
701,233,133,413,360,40860,1.311128225
702,232,133,412,364,41580,1.334231806
703,232,134,413,360,40906,1.312604287
704,232,131,413,362,41811,1.341644205
705,231,132,413,362,41860,1.343216532
706,232,133,413,361,41268,1.324220254
707,232,134,412,362,41040,1.31690412
708,232,135,413,361,40906,1.312604287
709,234,134,413,362,40812,1.309587986
710,234,133,414,361,41040,1.31690412
711,232,132,413,362,41630,1.335836221
712,228,137,409,362,40725,1.306796303
713,225,138,406,361,40363,1.295180336
714,226,138,407,362,40544,1.30098832
715,228,136,409,364,41268,1.324220254
716,228,134,409,364,41630,1.335836221
717,228,137,410,364,41314,1.325696316
718,228,137,408,363,40680,1.30535233
719,228,136,411,362,41358,1.327108202
720,232,135,415,362,41541,1.332980362
721,232,133,413,363,41630,1.335836221
722,232,132,413,364,41992,1.347452188
723,234,132,413,366,41886,1.344050828
724,239,135,414,366,40425,1.297169811
725,233,122,410,350,40356,1.294955718
726,228,103,403,324,38675,1.241015274
727,219,108,396,325,38409,1.232479784
728,221,105,399,328,39694,1.273713259
729,229,99,405,323,39424,1.265049416
730,232,97,407,323,39550,1.269092543
731,225,98,401,325,39952,1.281992042
732,229,101,403,324,38802,1.245090489
733,227,102,400,325,38579,1.237934797
734,228,105,405,325,38940,1.249518675
735,230,103,406,326,39248,1.259401874
736,229,105,405,325,38720,1.242459248
737,230,107,403,326,37887,1.215729688
738,227,105,402,325,38500,1.23539982
739,226,104,403,325,39117,1.255198306
740,226,107,400,327,38280,1.228340393
741,224,104,400,326,39072,1.253754332
742,224,105,400,327,39072,1.253754332
743,226,104,401,326,38850,1.246630728
744,225,104,401,326,39072,1.253754332
745,227,102,401,326,38976,1.250673854
746,228,101,401,326,38925,1.249037351
747,227,103,402,325,38850,1.246630728
748,226,103,401,325,38850,1.246630728
749,226,104,400,325,38454,1.233923758
750,226,103,401,325,38850,1.246630728
751,227,103,401,325,38628,1.239507124
752,204,113,366,315,32724,1.050057759
753,170,125,315,301,25520,0.818893595
754,227,112,380,296,28152,0.903350019
755,234,109,398,300,31324,1.005134129
756,213,124,382,323,33631,1.079161853
757,223,118,399,328,36960,1.185983827
758,226,112,400,329,37758,1.211590296
759,226,119,400,327,36192,1.161340008
760,228,113,400,327,36808,1.181106405
761,225,118,398,326,35984,1.15466564
762,224,119,398,327,36192,1.161340008
763,225,118,398,326,35984,1.15466564
764,225,117,398,327,36330,1.165768194
765,224,118,398,327,36366,1.166923373
766,224,118,398,330,36888,1.183673469
767,223,117,398,326,36575,1.173629829
768,223,118,397,325,36018,1.155756642
769,223,117,396,326,36157,1.160216917
770,222,115,397,328,37275,1.196091644
771,222,117,397,327,36750,1.179245283
772,222,116,397,327,36925,1.184860737
773,222,113,396,327,37236,1.1948402
774,221,118,397,327,36784,1.180336285
775,222,116,395,327,36503,1.171319471
776,221,116,395,327,36714,1.178090104
777,221,118,395,326,36192,1.161340008
778,222,118,396,325,36018,1.155756642
779,224,117,397,328,36503,1.171319471
780,224,116,397,328,36676,1.176870748
781,225,117,397,329,36464,1.170068027
782,224,114,398,329,37410,1.200423566
783,224,116,397,329,36849,1.182422025
784,236,116,405,326,35490,1.138814016
785,259,112,421,322,34020,1.091644205
786,257,106,424,320,35738,1.146771916
787,211,110,389,330,39160,1.256578103
788,207,116,387,333,39060,1.253369272
789,206,113,387,323,38010,1.21967655
790,197,118,380,328,38430,1.233153639
791,194,118,376,332,38948,1.249775382
792,192,117,374,332,39130,1.255615454
793,193,117,376,333,39528,1.2683866
794,196,117,377,334,39277,1.260332435
795,191,117,374,337,40260,1.291875241
796,188,117,375,341,41888,1.344115004
797,195,120,377,348,41496,1.331536388
798,188,119,376,346,42676,1.36940059
799,186,120,374,346,42488,1.363367989
800,185,124,373,344,41360,1.327172378
801,183,126,368,333,38295,1.228821717
802,179,130,361,334,37128,1.191374663
803,179,129,361,331,36764,1.179694519
804,178,132,360,333,36582,1.173854447
805,180,130,361,333,36743,1.179020665
806,184,126,368,324,36432,1.169041201
807,184,125,370,324,37014,1.187716596
808,184,127,370,328,37386,1.199653446
809,184,129,371,326,36839,1.182101142
810,185,129,372,327,37026,1.188101656
811,185,129,372,327,37026,1.188101656
812,190,129,373,320,34953,1.121582595
813,190,124,373,323,36417,1.168559877
814,188,125,373,337,39220,1.258503401
815,188,126,373,339,39405,1.264439738
816,188,127,372,339,39008,1.25170068
817,188,125,373,331,38110,1.222885381
818,185,127,370,338,39035,1.252567065
819,185,126,370,338,39220,1.258503401
820,185,129,370,331,37370,1.199140033
821,186,129,372,335,38316,1.229495572
822,253,128,421,333,34440,1.105121294
823,286,138,451,338,33000,1.058914132
824,277,146,443,367,36686,1.177191631
825,279,154,447,375,37128,1.191374663
826,277,153,447,369,36720,1.178282634
827,270,150,445,367,37975,1.218553459
828,271,150,444,367,37541,1.204627134
829,273,153,443,373,37400,1.200102683
830,278,158,449,375,37107,1.190700809
831,277,157,450,376,37887,1.215729688
832,277,159,450,378,37887,1.215729688
833,279,159,452,380,38233,1.226832242
834,279,159,451,379,37840,1.214221538
835,276,157,448,382,38700,1.241817482
836,272,161,445,380,37887,1.215729688
837,272,158,446,381,38802,1.245090489
838,273,155,445,377,38184,1.225259915
839,274,157,445,380,38133,1.223623412
840,275,156,447,385,39388,1.263894237
841,275,158,448,381,38579,1.237934797
842,275,158,449,385,39498,1.267423951
843,274,158,447,381,38579,1.237934797
844,270,157,444,382,39150,1.25625722
845,260,154,437,379,39825,1.277916827
846,245,156,421,391,41360,1.327172378
847,250,157,429,397,42960,1.37851367
848,252,157,435,392,43005,1.379957643
849,245,154,428,388,42822,1.374085483
850,243,155,424,392,42897,1.376492106
851,255,157,436,391,42354,1.359068156
852,264,159,444,400,43380,1.391990759
853,261,159,439,404,43610,1.399371069
854,262,161,440,402,42898,1.376524195
855,261,161,439,404,43254,1.387947632
856,261,161,440,407,44034,1.412976511
857,259,164,437,403,42542,1.365100757
858,259,163,437,408,43610,1.399371069
859,257,161,436,399,42602,1.367026056
860,247,157,427,403,44280,1.420870235
861,247,160,427,402,43560,1.397766654
862,247,160,427,401,43380,1.391990759
863,247,159,423,402,42768,1.372352715
864,246,159,423,400,42657,1.368790913
865,247,161,425,395,41652,1.336542164
866,247,158,423,401,42768,1.372352715
867,247,157,423,395,41888,1.344115004
868,247,159,424,398,42303,1.357431652
869,247,160,423,398,41888,1.344115004
870,247,159,423,402,42768,1.372352715
871,246,157,423,398,42657,1.368790913
872,247,159,422,397,41650,1.336477987
873,245,160,416,387,38817,1.245571814
874,238,156,413,381,39375,1.263477089
875,230,153,408,389,42008,1.347965601
876,230,168,411,389,40001,1.283564369
877,227,177,410,404,41541,1.332980362
878,222,178,406,400,40848,1.310743165
879,229,171,409,401,41400,1.328455911
880,229,171,410,406,42535,1.364876139
881,228,174,410,408,42588,1.366576819
882,225,178,407,405,41314,1.325696316
883,226,178,407,405,41087,1.318412271
884,227,175,410,410,43005,1.379957643
885,225,173,409,406,42872,1.375689899
886,226,175,408,406,42042,1.349056604
887,225,175,407,408,42406,1.360736748
888,225,176,407,407,42042,1.349056604
889,243,160,421,399,42542,1.365100757
890,277,127,449,340,36636,1.175587216
891,278,126,449,340,36594,1.174239507
892,244,153,413,378,38025,1.220157874
893,247,158,423,394,41536,1.33281992
894,247,162,428,409,44707,1.434571942
895,247,165,428,407,43802,1.405532024
896,246,165,428,407,44044,1.413297394
897,245,167,424,413,44034,1.412976511
898,245,169,423,405,42008,1.347965601
899,245,168,424,406,42602,1.367026056
900,243,172,419,405,41008,1.315877294
901,244,173,421,406,41241,1.32335387
902,243,174,421,405,41118,1.319407008
903,244,173,421,402,40533,1.300635348
904,244,177,420,403,39776,1.2763445
905,245,176,420,407,40425,1.297169811
906,244,175,421,402,40179,1.289276088
907,241,175,420,408,41707,1.338307021
908,236,170,414,407,42186,1.35367732
909,236,171,415,407,42244,1.355538442
910,236,172,415,403,41349,1.326819407
911,238,174,415,409,41595,1.334713131
912,239,175,418,407,41528,1.332563214
913,243,158,418,392,40950,1.314016173
914,246,152,418,373,38012,1.219740726
915,246,149,417,375,38646,1.240084713
916,249,134,417,354,36960,1.185983827
917,225,123,397,333,36120,1.15902965
918,222,123,396,340,37758,1.211590296
919,218,127,392,341,37236,1.1948402
920,224,124,397,339,37195,1.19352458
921,223,123,391,330,34776,1.115902965
922,238,132,395,324,30144,0.967269927
923,254,135,411,339,32028,1.027724297
924,261,141,412,346,30955,0.993293544
925,247,138,405,355,34286,1.100179695
926,233,142,396,365,36349,1.166377872
927,239,137,398,367,36570,1.173469388
928,243,132,398,359,35185,1.129027083
929,246,125,398,320,29640,0.95109742
930,238,112,391,297,28305,0.90825953
931,226,115,379,297,27846,0.893530997
932,228,116,380,303,28424,0.912078039
933,237,112,390,299,28611,0.918078552
934,231,118,392,308,30590,0.981581312
935,234,127,392,318,30178,0.968360929
936,238,137,378,315,24920,0.799640611
937,227,112,387,305,30880,0.990886921
938,228,126,380,311,28120,0.902323193
939,231,134,384,313,27387,0.878802464
940,224,128,373,317,28161,0.903638814
941,231,132,388,317,29045,0.932004877
942,230,129,388,317,29704,0.953151072
943,232,132,388,316,28704,0.921062765
944,231,132,389,317,29230,0.937941214
945,231,130,388,317,29359,0.942080606
946,231,131,388,315,28888,0.926967013
947,232,130,390,318,29704,0.953151072
948,231,132,389,316,29072,0.932871262
949,229,130,387,317,29546,0.948081119
950,230,129,386,318,29484,0.946091644
951,229,129,386,317,29516,0.94711847
952,230,132,389,319,29733,0.954081633
953,231,131,389,321,30020,0.963290977
954,231,129,390,322,30687,0.984693878
955,230,128,389,323,31005,0.994897959
956,229,131,387,322,30178,0.968360929
957,229,130,388,324,30846,0.989795918
958,232,132,391,322,30210,0.969387755
959,231,132,391,324,30720,0.985752792
960,236,134,397,320,29946,0.960916442
961,229,131,393,328,32308,1.036709023
962,230,130,395,333,33495,1.074797844
963,230,136,393,329,31459,1.009466051
964,222,134,377,319,28675,0.920132204
965,228,132,389,329,31717,1.017744834
966,231,131,394,334,33089,1.061769991
967,232,132,395,333,32763,1.051309203
968,235,133,396,335,32522,1.043575921
969,237,137,396,335,31482,1.010204082
970,238,134,398,332,31680,1.016557566
971,238,133,397,329,31164,1
972,236,132,397,331,32039,1.028077269
973,237,133,397,331,31680,1.016557566
974,235,132,396,332,32200,1.033243486
975,236,133,396,334,32160,1.031959954
976,234,130,395,336,33166,1.064240791
977,233,133,396,335,32926,1.056539597
978,232,135,394,338,32886,1.055256065
979,231,138,395,347,34276,1.099858811
980,232,142,400,351,35112,1.126684636
981,228,144,399,352,35568,1.141316904
982,231,140,399,350,35280,1.132075472
983,230,144,400,360,36720,1.178282634
984,229,155,400,379,38304,1.229110512
985,226,157,397,376,37449,1.20167501
986,227,153,399,373,37840,1.214221538
987,228,151,399,367,36936,1.185213708
988,236,123,404,334,35448,1.137466307
989,227,123,392,330,34155,1.095976126
990,214,138,378,350,34768,1.115646259
991,221,138,393,361,38356,1.230779104
992,227,148,405,397,44322,1.422217944
993,222,158,399,397,42303,1.357431652
994,219,159,396,397,42126,1.351752022
995,216,158,394,397,42542,1.365100757
996,218,158,395,397,42303,1.357431652
997,217,157,394,396,42303,1.357431652
998,220,160,395,392,40600,1.302785265
999,217,159,393,396,41712,1.338467462
