,Width,Height,Eye2Box,Roll,Yaw,Pitch,label
1,94,124,0.8466031035783504,-2.5898513793945312,-2.215972900390625,0.8460311532296967,1
2,96,123,0.8461215239515956,-2.837860107421875,-0.927490234375,0.8267919151444145,1
3,92,121,0.8171072039648357,-2.599693298339844,-2.786712646484375,0.8770051180857266,1
4,98,118,0.8309599428528017,-2.826812744140625,-1.6855926513671875,0.8557389346590485,1
5,95,123,0.9983109304422979,-1.9957504272460935,0.4846954345703125,0.9664118634676409,1
6,101,128,0.9293914062603028,-2.302825927734375,0.179046630859375,0.8335164859017864,1
7,95,126,1.0231584693903462,-1.698822021484375,0.9285888671875,0.9454443419924058,1
8,113,136,0.8627454901129399,-4.5702056884765625,1.259185791015625,0.7905116974560564,1
9,95,125,0.8845563726477935,-1.4452285766601562,-3.11724853515625,0.8814049252458147,1
10,121,130,0.8703007267997577,-4.145423889160156,-0.420379638671875,0.8000277264273187,1
11,94,125,0.8804404180503437,-1.2335662841796875,-3.162139892578125,0.874074189617711,1
12,102,120,0.8822709500755148,-2.3182525634765625,-0.8509979248046875,0.9234909643824232,1
13,94,123,1.032693552366914,-3.284019470214844,3.0890655517578125,1.0191842160938964,1
14,123,130,0.9663890857122268,-4.3061370849609375,3.2883453369140625,0.8670646877865129,1
15,94,125,1.0379961838091103,-2.3992462158203125,1.99310302734375,0.9584700931646892,1
16,97,122,1.0591429313785092,-2.423446655273437,1.5572662353515625,0.8167730289273171,1
17,92,123,0.909880202792888,-1.76678466796875,-0.96331787109375,0.9262763299390964,1
18,111,129,0.8014158635491012,-4.552459716796875,-1.539947509765625,0.8914250885220774,1
19,92,123,0.9189945883996072,-1.7354202270507812,-0.7454681396484375,0.9242232708362751,1
20,99,125,0.9092654098881612,-3.236801147460937,-0.4820556640625,0.8053549119666011,1
21,93,122,0.8850428843682496,-1.80194091796875,-2.196990966796875,0.9172460521611776,1
22,98,123,0.8050970599853281,-2.6407394409179688,-3.711471557617188,0.926414476289777,1
23,94,123,0.8805759130592785,-1.764129638671875,-2.307723999023437,0.8916273776930714,1
24,95,125,0.8863992546887891,-1.9063034057617188,-1.27301025390625,0.9394728556365592,1
25,93,122,0.8813883282293986,-1.28399658203125,-2.7099761962890625,0.8650164253708805,1
26,112,126,0.8002149586630595,-4.498893737792969,-1.4351882934570312,0.8262142933995203,1
27,93,123,0.8810414029132292,-1.3661422729492188,-2.6920166015625,0.8498749198203976,1
28,95,121,0.8210887232496784,-2.3913345336914062,-2.46044921875,0.8412399115290983,1
29,93,124,0.8519647643059592,-2.6474609375,-2.1715545654296875,0.8383100822168492,1
30,108,124,0.8301227629716726,-3.9437103271484375,-1.24005126953125,0.8676468495570345,1
31,93,122,0.8394823500105926,-2.697959899902344,-2.235870361328125,0.8711540746619327,1
32,97,119,0.8591566849496769,-2.764892578125,-0.5034942626953125,0.9499590818276202,1
33,94,124,0.8655230656950335,-1.64202880859375,-3.273910522460937,0.8629731409096382,1
34,106,125,0.8386481471402797,-3.4836196899414062,-2.204208374023437,0.9067462476192341,1
35,94,124,0.8703007562468779,-1.6675872802734375,-2.9657745361328125,0.9054424198379646,1
36,95,122,0.817961264508408,-2.43194580078125,-2.846832275390625,0.9052428525378444,1
37,95,125,0.8705405923511933,-1.505584716796875,-3.429550170898437,0.8862582106984924,1
38,126,130,0.7765964689989131,-5.017784118652344,-2.6058807373046875,0.8272934267445717,1
39,94,123,0.8633683390749107,-1.347930908203125,-3.654342651367188,0.9184413102258816,1
40,94,123,0.937938589105708,-0.67236328125,-2.0669097900390625,0.9527132715678016,1
41,206,288,0.8547418055640263,-1.0322418212890625,-6.00567626953125,1.1559441702191735,1
42,239,298,0.9053022974934956,-6.9000244140625,-2.677520751953125,1.2319756637325068,1
43,206,291,0.8736962844619229,-0.616912841796875,-5.850433349609375,1.2019660505420964,1
44,232,301,0.86993448157609,-2.975189208984375,-2.443389892578125,1.393149976965929,1
45,310,401,1.1456081858811016,-1.0466461181640625,9.180450439453123,1.6139284075263882,1
46,337,405,1.164106895660914,1.4030914306640625,4.821624755859375,1.5339958213932647,1
47,310,400,1.141538345814058,-0.948272705078125,9.261077880859377,1.6221710497329866,1
48,327,403,1.177919098752109,0.8396148681640625,3.97991943359375,1.7720142226491171,1
49,210,286,0.9588247204092136,2.580108642578125,-5.879180908203125,0.9623359340007692,1
50,235,297,0.8629493380598336,-2.42840576171875,-2.472900390625,1.0440793843761171,1
51,206,288,0.8514797858213375,-0.593780517578125,-4.976348876953125,1.0262898914679979,1
52,216,294,0.8981794820415637,-1.0185699462890625,-1.514984130859375,1.0383622008673472,1
53,327,459,1.0672696406580655,-9.000762939453125,9.70703125,1.5061296850045294,1
54,385,486,1.3852645561213195,-12.202163696289062,20.68916320800781,1.9160044334576083,1
55,326,458,0.9642352739327144,-7.996932983398437,5.322265625,1.4969905882049823,1
56,341,473,1.0273442755995066,-7.318756103515625,16.094696044921875,1.85302581768962,1
57,302,410,1.3854281373795838,3.24224853515625,15.1343994140625,1.4051496871072682,1
58,338,454,1.2367167942075987,-2.1868896484375,18.76446533203125,1.3570188411431132,1
59,301,407,1.4794462774575998,5.827651977539063,14.76898193359375,1.4978811216855266,1
60,304,411,1.3963426944648192,2.9967803955078125,14.250823974609375,1.5536571677316422,1
61,310,409,1.3008696930139272,5.821502685546875,8.8489990234375,1.5276981129522806,1
62,386,476,1.3372450003855345,-12.990768432617188,28.007598876953125,1.5592481568190382,1
63,311,414,1.3028137987437955,6.8808135986328125,6.2213134765625,1.529059852065718,1
64,339,452,1.1114034746054895,-2.745147705078125,7.85003662109375,1.8624961221088645,1
65,288,399,0.9266204286062328,0.323028564453125,-7.332611083984375,1.5563946166521514,1
66,354,435,1.0621974781284431,-6.794723510742188,-5.7171173095703125,1.9860996268498492,1
67,287,395,0.9242281793624296,1.96710205078125,-8.9677734375,1.6387843934408255,1
68,318,390,0.9843577474473872,-1.754852294921875,0.577972412109375,1.4893645556519512,1
69,298,404,0.8770274495137816,-7.4735107421875,-0.720428466796875,1.4751599655326582,1
70,334,437,0.9650148320678218,-8.467010498046875,-1.7547607421875,1.8165802128343904,1
71,299,408,1.010568947237121,-5.479995727539063,5.1510009765625,1.5006771929082283,1
72,327,430,1.0209132547044553,-2.464828491210937,-7.363967895507812,2.396459637627788,1
73,280,401,0.9560335739875097,2.1543731689453125,-6.767333984375,1.7327721138053251,1
74,366,451,1.1668004496867206,-20.331207275390625,17.14111328125,2.3951973265877986,1
75,277,397,0.9490307728613868,2.120086669921875,-6.82806396484375,1.7205272631596196,1
76,289,411,0.9610636806857232,-3.057464599609375,0.44384765625,1.5980217199644506,1
77,245,331,0.9144529753294872,-4.831146240234375,4.857391357421875,1.5269897943799968,1
78,242,327,0.8561522810140479,-7.1559906005859375,0.802093505859375,1.3620406037283903,1
79,236,329,0.8812227251901232,-4.205169677734375,1.041107177734375,1.425281959005514,1
80,254,325,0.9226349157933724,-5.642303466796875,6.413787841796875,1.2707243240026924,1
81,115,156,0.8714810502424541,-1.0307159423828125,-1.4735565185546875,1.0102247022930184,1
82,148,165,0.8820605616551398,-2.78369140625,-2.6673583984375,0.970957312621148,1
83,116,157,0.8650116885783125,-1.228240966796875,-2.0722198486328125,0.9471469705650124,1
84,130,159,0.8711795983206722,-2.0158462524414062,-3.734344482421875,0.8215071961456681,1
85,120,166,0.9630962183405652,-2.4610366821289062,1.3852081298828125,0.8760945734581437,1
86,133,166,1.0221998212811831,-2.74090576171875,2.451507568359375,0.9008446068698442,1
87,118,164,0.930387873967538,-2.16754150390625,0.6375579833984375,0.9033073570233198,1
88,134,165,0.9111262790747578,-3.410247802734375,0.370635986328125,0.7603524712823578,1
89,116,159,0.9007471945547676,-2.1823272705078125,-0.1966552734375,0.8966992394953665,1
90,120,160,0.9615002352429723,-0.991851806640625,-1.0284271240234375,0.902618245951978,1
91,116,159,0.8928013225565157,-1.7089920043945312,-0.9311370849609376,0.9005445783655595,1
92,128,163,0.9170631349964902,-2.5044097900390625,-0.77239990234375,1.0582838091585558,1
93,120,163,0.847941342463427,-3.30810546875,-0.5179901123046875,0.8998191180075732,1
94,124,167,0.8243086971964582,-4.5689239501953125,-0.6888580322265625,0.9207644113947808,1
95,118,165,0.8603323975273125,-3.14935302734375,-0.4649200439453125,0.9118295699230692,1
96,133,165,0.852841637747012,-3.8621902465820312,-0.619964599609375,0.7388612651489445,1
97,119,165,0.8867644784031838,-1.3728103637695312,-1.3891448974609375,0.9319416724021314,1
98,149,169,0.9160535943964712,-2.525672912597656,-2.23883056640625,0.832496431696056,1
99,119,165,0.8807958884749791,-1.3856201171875,-1.5355377197265625,0.9513991545610816,1
100,134,166,0.859274134331122,-3.563514709472656,-2.768218994140625,0.8288299739669797,1
101,119,162,0.860694564060996,-2.379920959472656,-0.792083740234375,0.999499534379448,1
102,146,176,1.2624580934334233,-3.177459716796875,11.410415649414062,1.0325087512602664,1
103,118,161,0.8464269694407901,-2.1702957153320312,-1.385284423828125,1.0340254881435602,1
104,123,162,0.8722222794380057,-3.36456298828125,-0.6295013427734375,0.9633613153970844,1
105,118,160,0.88182240491406,-1.755615234375,-1.17236328125,0.9426069390939432,1
106,153,170,0.9560688282370264,-2.7206802368164062,0.38470458984375,0.8807151930559375,1
107,118,161,0.8816009612459694,-1.8997268676757808,-0.8529815673828125,0.9509239760457217,1
108,127,159,0.8833259281509123,-2.996299743652344,-1.4373931884765625,0.873932878266246,1
109,115,158,0.8716969427105102,-1.268707275390625,-1.1508331298828125,1.049903745615847,1
110,154,166,0.9313724874078616,-2.3225173950195312,-1.29302978515625,0.9601953691290982,1
111,116,158,0.8740699558669051,-1.0148468017578125,-1.970489501953125,1.0055077966059418,1
112,136,165,0.8982742367114838,-0.9305496215820312,-1.992584228515625,1.0991958366500711,1
113,113,156,0.8411228502564289,-2.499549865722656,-0.825347900390625,0.9729720555957464,1
114,121,161,0.8561360709277843,-2.06878662109375,-2.83245849609375,0.9976626414182648,1
115,114,158,0.8525483463211221,-1.744415283203125,-1.485015869140625,0.9202059661573524,1
116,129,159,0.8206087399054384,-3.022743225097656,-3.637374877929688,0.8791441299839008,1
117,113,158,0.8874820112117568,-1.177520751953125,-0.8541717529296875,0.9464676367679842,1
118,131,160,0.9458994240924732,-1.9156341552734373,-1.050384521484375,0.974907423046094,1
119,114,158,0.88792731934617,-1.4847030639648438,-1.050445556640625,0.9329819770980944,1
120,123,160,0.8668589413539857,-2.627647399902344,-1.09588623046875,0.9875973642182244,1
121,90,124,1.0375685209866474,-0.9063262939453124,0.4527587890625,0.7663667113223979,1
122,109,153,1.066900940480716,-0.1917572021484375,1.949493408203125,1.2626080680837175,1
123,110,154,1.0708407705062108,-0.9022598266601562,3.1767730712890625,1.3145388377013691,1
124,106,148,1.2815202270249944,0.6277923583984375,4.1093292236328125,1.1504030659554498,1
125,110,153,1.1405154851473498,-0.6258087158203125,2.389022827148437,1.2984315557552235,1
126,108,151,1.160999981252695,-0.5566177368164062,3.280502319335937,1.3169218831598424,1
127,93,128,1.1820328622183771,-2.45965576171875,4.126434326171875,0.9825139275441732,1
128,89,120,1.159072283054101,-0.3120269775390625,3.30828857421875,1.017092264843238,1
129,88,120,1.216877944555199,-0.3809051513671875,4.57867431640625,0.9532584953273638,1
130,90,122,1.2253218233698828,-1.072113037109375,3.4461669921875,1.006600137938699,1
131,88,122,1.097711617146902,-1.9580612182617188,2.572128295898437,0.9429683543614948,1
132,90,125,1.0727032317748055,-1.6458282470703125,2.42724609375,0.7662261317212832,1
133,91,127,1.0997290440605425,-1.7683181762695312,2.0009765625,1.054901820320019,1
134,96,136,1.0523164302203214,-2.101226806640625,2.4077301025390625,1.230278599839982,1
135,99,138,1.063829443852684,-2.6810760498046875,3.80560302734375,1.0755416913618732,1
136,93,128,1.1214044943436652,-3.6685943603515625,4.612396240234375,0.9093191623092988,1
137,94,125,1.09774842304945,-2.789459228515625,3.35333251953125,0.8926635007975648,1
138,94,128,1.2041569961706222,-2.028411865234375,5.173614501953125,0.8996382076433647,1
139,91,125,1.2937237991675727,0.3425140380859375,4.89202880859375,0.8344410970699876,1
140,95,137,1.0804330831349835,-3.0347213745117188,5.858856201171875,0.972029512083881,1
141,102,141,1.174980154968007,-2.308013916015625,4.518081665039063,1.1761691304482995,1
142,100,143,1.144606102103886,-0.7162399291992188,4.036041259765625,1.2589580658964483,1
143,107,146,1.108596152364042,-2.1784591674804688,3.833587646484375,1.1832215309619822,1
144,102,147,1.1271433136040656,-1.7910003662109375,4.5657501220703125,1.1063610937153494,1
145,102,148,1.1338269463584345,-1.9065170288085935,4.536468505859375,1.2016166758350386,1
146,103,144,1.079441225665325,-1.106689453125,2.434188842773437,1.279557228114702,1
147,102,141,1.136484945366643,-1.5336837768554688,3.620208740234375,1.5199901492282302,1
148,91,125,1.0688461203565636,-1.1922988891601562,4.1534423828125,1.2757894072023073,1
149,88,123,1.1149327991121394,-0.9188613891601562,4.219284057617188,1.0972776084727962,1
150,88,121,1.0556968664322774,-0.9066925048828124,3.2845001220703125,1.3280764900475128,1
151,88,121,1.081042311252523,-1.0773544311523438,3.7423095703125,1.0460192835161286,1
152,86,118,0.9908389159043766,-1.786865234375,2.73382568359375,0.9224158675820952,1
153,86,118,1.1801951932519774,-0.795623779296875,3.64453125,1.0598576705837657,1
154,107,146,1.0457515430515292,-2.261177062988281,3.2290802001953125,1.3048290396879199,1
155,88,117,1.097902939150435,-0.3892822265625,1.4002227783203125,0.7724219572467617,1
156,87,118,1.1168953681022933,-0.776885986328125,2.58245849609375,0.8334813704566559,1
157,93,130,1.0985425654589311,-2.0646896362304688,3.2864227294921875,1.1294300495118974,1
158,94,131,1.1290631701058107,0.00862884521484375,1.3633270263671875,1.1748346993085717,1
159,103,143,1.164710849214171,-0.5784072875976562,3.105865478515625,1.158356356500768,1
160,97,136,1.154525503809198,-1.2887802124023438,2.4132232666015625,1.1005924155733229,1
161,98,139,1.1231246115825684,-1.2856979370117188,4.256439208984375,1.0005669090459268,1
162,105,143,1.183381243970151,-0.9634017944335938,4.737945556640625,1.2844589474673518,1
163,92,129,1.1259779966666759,-1.554534912109375,3.52349853515625,0.9986559514795598,1
164,95,134,1.206440828936883,-1.0178909301757812,4.5050811767578125,1.149190163806321,1
165,107,146,1.0274276774425704,-2.368843078613281,3.2458038330078125,1.4011634841801113,1
166,106,146,1.064650838227135,-2.2219161987304688,3.164825439453125,1.260600804673169,1
167,108,147,1.0726479821682278,-1.8864288330078125,3.613311767578125,1.3295741908147078,1
168,101,137,1.0888593204754402,-2.7240142822265625,4.6209716796875,1.1645834278479803,1
169,104,145,1.1723327548779159,-1.1457595825195312,4.6162109375,1.2978650773441975,1
170,108,150,1.0188855472109817,-0.9216690063476562,1.6825714111328125,1.285961940416547,1
171,200,257,0.5692809650107442,-18.68980407714844,-4.824127197265625,1.5633182776741996,1
172,293,271,0.8030451355679135,-24.8785400390625,16.295623779296875,2.151439655461911,1
173,293,317,0.7700484599571206,-4.120380401611328,-11.708938598632812,1.512171459872333,1
174,181,220,0.7851820509819191,-14.90960693359375,3.94232177734375,1.7699900219558418,1
175,182,309,0.8405073022995083,-5.078872680664063,-2.471343994140625,0.8701947146320573,1
176,259,260,0.7871813970861283,-11.397151947021484,-4.64044189453125,1.2020530804490317,1
177,280,273,0.8711825558938167,-10.697147369384766,-0.51751708984375,1.3230101207789269,1
178,174,232,0.8180600572647407,-15.790084838867188,7.975128173828125,1.2502942865443871,1
179,198,223,0.8732019385372339,-10.147994995117188,-0.1693115234375,1.944422129032576,1
180,171,283,1.091262314008567,-12.05712890625,17.20068359375,2.028068616913901,1
181,289,323,0.7967595374704795,-5.7777671813964835,-6.5745849609375,1.4447250305527253,1
183,168,226,0.7650197008379048,-13.00604248046875,0.730316162109375,1.6664354084042825,1
184,231,270,0.8783647178714132,-6.6388702392578125,0.0211181640625,2.6750140297436737,1
185,235,305,0.854722752605856,-4.860862731933594,-6.402984619140625,1.1720861519158698,1
186,193,242,0.8264962175177276,-14.06201171875,4.045745849609375,1.4769001991079216,1
187,304,289,0.7862469906550857,-13.637094497680664,1.409423828125,1.2838827083841928,1
188,180,253,0.8492008125501099,-6.223800659179688,-4.018768310546875,2.073393687324498,1
189,198,248,0.8630060708934669,-6.052894592285156,0.24395751953125,0.8229349972920048,1
191,236,255,0.9685177670920284,-7.429344177246094,3.260650634765625,1.1228683114882452,1
192,207,247,0.1930564941299441,-1.591033935546875,-51.91895294189453,2.6551281885422413,1
193,191,248,0.9165474620492352,-21.3604736328125,15.59228515625,1.5593755516318808,1
194,216,221,0.6111046254680086,-20.578094482421875,-3.390731811523437,1.7764822901822357,1
195,191,286,0.777946913610412,-14.278182983398438,6.181671142578125,1.5030142516082865,1
196,188,253,0.9019365348214008,-22.35420227050781,20.187744140625,1.8298351316430173,1
197,216,218,0.9381937627637228,-10.733726501464844,3.642120361328125,0.9055414311267002,1
198,198,250,0.5439278041936311,-16.550277709960938,-5.69049072265625,1.2937376608437323,1
199,291,361,0.6815240544156228,-11.286361694335938,-2.329620361328125,1.6247908523193448,1
200,270,266,0.8393867552562088,-12.103992462158205,-2.5058135986328125,1.2244299819284663,1
201,268,260,0.7452065119397361,-6.084123611450195,-14.859710693359375,1.218658010954034,1
202,359,310,0.844638338521476,-13.741543769836426,7.6192626953125,0.8494103344673561,1
203,191,252,0.8186260154189954,-12.8892822265625,1.84600830078125,1.4052230630867348,1
204,188,225,0.7841880439696264,-16.789993286132812,9.922454833984377,1.3795623761404643,1
205,189,318,0.6595701440426641,-26.027008056640625,23.798370361328125,2.0273902783454734,1
206,183,242,0.8037894151997311,-12.481842041015625,-1.14288330078125,2.428921576119885,1
207,208,251,0.5050093935370269,-16.768760681152347,-10.122802734375,1.2666615085793231,1
208,194,242,0.8126390488134406,-14.442489624023438,3.809814453125,1.4600346607791252,1
209,332,332,1.0062889710967242,-10.022113800048828,13.098175048828125,1.1760688595113122,1
210,265,256,0.7243573266969435,-5.50623893737793,-16.720932006835938,1.1756438166659116,1
211,270,264,0.8283682790995665,-11.034317016601562,-4.139739990234375,1.2468394713194697,1
212,244,268,-0.04970322327015785,-5.051643371582031,-84.94709014892578,0.9856238901904064,1
213,215,278,0.9101722825851803,0.424102783203125,-3.64031982421875,4.675873369055188,1
214,194,263,0.8681483864688009,-4.891357421875,-10.043670654296877,1.92671653958663,1
215,200,184,1.4245422643984964,-1.936190128326416,1.7003173828125,1.8616261861188717,1
216,267,346,0.7097161452422138,-11.14263916015625,-1.7659149169921875,1.3002681897064317,1
217,203,253,0.7677123889217269,-9.868408203125,-1.348480224609375,0.8415104965059894,1
218,269,264,0.8317281955349681,-11.390716552734375,-3.259857177734375,1.262655163067134,1
219,268,259,0.7562134262951373,-7.7655601501464835,-11.572494506835938,1.158746865480203,1
220,254,259,0.8657899287754807,-7.8692054748535165,-6.197784423828125,1.096634591292684,1
221,260,228,0.8532965993718784,-4.302706241607666,-15.4603271484375,0.6506459577702907,1
222,270,258,0.8405136255284512,-8.329032897949219,-7.80352783203125,1.0415187304203688,1
223,266,261,0.76140370016127,-14.072820663452148,-5.0066986083984375,1.069087632521335,1
224,227,247,0.7548559366007586,-7.713310241699219,-9.756179809570312,0.8028217455989303,1
225,250,198,0.9307939925808068,-14.305723190307615,-5.0551605224609375,0.4552174908692324,1
226,192,250,0.7866670554856062,-16.731277465820312,4.330413818359375,1.4183760673786674,1
227,225,245,0.8272326853328458,-20.26068115234375,8.720855712890625,2.005871186592384,1
228,269,269,0.9969997392836594,-7.241264343261719,1.6620025634765625,1.1112966497739152,1
229,193,234,0.7460846064669526,-11.726966857910154,-1.096405029296875,0.8458161576021255,1
230,329,487,1.1375221835010432,-5.882293701171875,19.786773681640625,1.7299089067266002,1
231,253,271,0.8149826179166644,-10.26764678955078,-3.77386474609375,1.0631531205532958,1
232,330,286,0.5903787344060863,-13.202690601348875,-10.180427551269533,0.8711910417838952,1
233,262,260,0.7976967814717767,-12.124908447265625,-4.748748779296875,1.055664034229815,1
234,291,290,0.8161130466275256,-12.86227035522461,-0.5791015625,1.1534847900730414,1
235,193,247,0.8089197215197367,-6.7086181640625,-0.062774658203125,1.5531474883849423,1
236,182,254,0.8726969619118521,-7.38134765625,-4.81146240234375,2.644795714583032,1
237,244,285,0.99852850082666,-1.487030029296875,3.290863037109375,5.594507442992041,1
238,267,267,0.9930982952378692,-6.539081573486327,1.0878753662109375,1.1449824058550704,1
239,284,283,0.9512999855861994,-7.328819274902344,1.2652740478515625,1.311692265864966,1
240,312,482,1.5774844133334298,-10.239616394042967,37.676849365234375,0.6817484113687067,1
241,261,263,0.7354675748557641,-14.33779525756836,-4.4722747802734375,0.8772593451314467,1
242,282,271,1.023839953926338,-8.186180114746094,3.63641357421875,1.2322373649103373,1
243,234,252,1.0107669203968077,-5.582778930664063,1.826202392578125,1.169108235470886,1
244,326,333,0.8652544066509453,-15.7237548828125,10.603759765625,1.294683496364352,1
245,168,151,0.9427642046604556,1.946518421173096,-7.197845458984375,0.7120277413802686,1
246,190,251,0.7895073969026939,-11.111907958984377,-0.711090087890625,1.6421914918491058,1
247,220,223,0.7146087843167434,-4.541915893554688,-11.00067138671875,0.7005245280299449,1
248,254,258,0.881567614936497,-6.8194427490234375,-6.370819091796875,1.0703488974073625,1
249,288,255,0.7996354394869246,-9.036540985107422,-6.715301513671875,0.7590552800436338,1
250,266,362,0.6841543555287253,-9.574874877929688,-7.394882202148437,1.0646762870704445,1
251,267,267,1.0062028175603197,-7.537788391113281,1.8453369140625,1.121964391419887,1
252,217,241,0.7665778554395435,-18.61390686035156,3.873992919921875,1.4392936983638425,1
253,168,224,0.8230154897079321,-8.379867553710938,4.9525146484375,0.855971156269134,1
254,257,229,0.8689429433419044,-6.358966827392577,-9.46826171875,0.6151272623632255,1
255,188,343,0.8850325553494381,-9.15576171875,2.197906494140625,2.264226997797158,1
256,196,227,0.6939297540545944,-7.2745018005371085,-9.903594970703123,0.7740716423923554,1
257,295,359,0.1609664952923882,-12.872772216796875,-67.49999618530272,1.936585507150424,1
258,268,261,0.7225427649664415,-6.019813537597656,-16.10101318359375,1.2012732124306922,1
259,206,247,0.8046174087085531,-15.758651733398438,3.47918701171875,1.5702480882625174,1
260,194,206,1.0932105233588936,1.2021160125732422,-7.0206298828125,1.858763963888852,1
261,173,231,0.8448151760766414,-15.710693359375,10.7904052734375,1.2926807200268389,1
262,209,246,3.165434871685915,-20.573410034179688,63.2523193359375,1.7960914259170897,1
263,197,224,0.7310759912454827,-3.652435302734375,-12.010482788085938,0.7028584574631246,1
264,326,337,0.8408743388142089,-19.610820770263672,14.328842163085938,1.2500971313935891,1
265,261,219,1.2246727324182112,-8.530632972717285,7.377960205078125,0.7726452544044943,1
266,214,279,0.9356710865220222,2.2268218994140625,-3.277496337890625,5.394844112732109,1
267,325,289,0.9232292737389318,-10.467517852783203,7.199630737304688,1.1815345246579865,1
268,184,253,0.6961052298941381,-9.819747924804688,-2.92626953125,0.7593574860687755,1
269,259,251,0.8251846347864009,-11.929422378540039,-5.043960571289063,1.030451769985241,1
270,236,170,0.8804689604077358,-17.242012023925778,-11.048065185546877,0.13752162371876056,1
271,258,269,0.9161539539342348,-7.283090591430664,-1.35662841796875,1.0327225954773849,1
272,200,257,0.8440501853833763,-8.778366088867188,-3.5111083984375,2.137524213625956,1
273,192,249,0.7440755510904926,-11.31866455078125,-3.327117919921875,1.5416375195373682,1
274,302,303,0.7527534694150075,-4.3331260681152335,-13.394424438476562,1.4277431294595622,1
275,164,224,0.7873660280244312,-8.431964874267576,5.535552978515625,1.346661485657456,1
276,288,287,0.8355109036600035,-11.37004852294922,2.576446533203125,0.7703051814423585,1
277,267,261,0.7509139704486032,-13.30670928955078,-6.23046875,1.0621315089544567,1
278,180,236,0.8652230080643056,-10.584732055664062,-0.590423583984375,1.8424744897959184,1
279,229,252,0.8785393016095281,-23.328643798828125,16.5450439453125,2.6393948807506544,1
281,169,224,0.83050217509836,-8.523262023925781,5.2177734375,0.8631582337489929,1
282,228,255,0.6885458667138036,-18.753402709960934,-2.16461181640625,1.7860131730230848,1
283,256,230,0.8462035151998577,-6.402497291564941,-8.3489990234375,0.5940325170137257,1
284,256,305,0.9672155165709764,-4.10479736328125,3.91143798828125,7.892618926175248,1
285,327,512,0.6777613781284402,-24.420188903808594,5.613800048828125,0.6800499583477367,1
286,184,253,0.6793753740208469,-9.67816162109375,-4.026580810546875,0.7515714259303766,1
287,234,252,1.0090430890002344,-5.6735687255859375,1.827239990234375,1.1683931406539299,1
288,292,290,0.7747338091561364,-13.063037872314453,0.941558837890625,0.7719776144868039,1
289,269,278,0.9664430126441148,-7.804420471191406,5.559478759765625,1.141478999864597,1
291,167,225,0.7684667151546153,-14.219619750976562,1.850921630859375,1.692464890658674,1
292,364,392,0.8616539897506852,-15.668899536132812,13.576019287109375,1.1614499818134314,1
293,272,346,0.6979159825995983,-9.571731567382812,-3.858123779296875,1.475830552778196,1
294,199,243,0.7858001583949313,-14.16729736328125,0.582611083984375,1.3788539028343347,1
296,193,227,3.6882222423789948,-0.2770042419433594,43.55267333984375,1.7057266979482626,1
297,320,299,0.7455898070575501,-26.13934326171875,15.305908203125,2.0440363443815537,1
298,242,212,0.9672685824663864,-5.017110824584961,-7.83367919921875,1.107594211520437,1
299,203,180,0.7095620298011353,-17.102338790893555,-0.6671600341796875,1.5775879813252314,1
300,309,498,0.4766730023550098,-8.259140014648438,-24.661590576171875,1.5524935859465585,1
301,220,228,0.5956585593327842,-13.735355377197266,-12.932952880859375,1.8111999962451109,1
302,332,266,0.9523494999056424,-24.89883041381836,29.72836303710937,2.5372304116082844,1
303,182,194,0.8326045983362494,-14.339664459228516,1.613525390625,1.5479419161808774,1
304,189,208,0.8175614556039446,-13.113197326660154,4.7313079833984375,1.6272938490800049,1
305,236,341,3.961987185873395,-4.43365478515625,65.65057373046875,1.5323928675689598,1
306,241,212,0.9445688956675088,-5.34132194519043,-7.3682861328125,1.157163726011173,1
307,157,208,-0.010819778973470364,4.334419250488281,-59.76953411102295,2.4997454081812718,1
308,213,224,3.871763318398168,-4.1122398376464835,47.48788452148438,1.5793678327985563,1
309,227,166,0.9114397718260928,-10.508930683135986,0.302703857421875,1.4712016892036777,1
310,232,352,0.5211943886661032,-22.028076171875,2.663299560546875,1.0032021881859063,1
311,250,284,0.6463010092722006,-22.009605407714844,3.516845703125,1.5330035267181348,1
312,343,294,1.09203870991825,-32.69736099243164,51.92739868164063,2.5441106073485953,1
313,172,224,0.7216046721621858,-13.172889709472654,6.745819091796875,1.3028923949197764,1
314,271,276,0.6742242818886621,-26.04389190673828,8.678604125976562,1.8484184964763817,1
315,231,176,0.87814387056591,-14.348780632019045,-20.2724609375,0.5097216600455515,1
316,218,218,0.7614056654117617,-16.693126678466793,0.3311309814453125,0.9698691010490336,1
317,345,291,0.5611281527164288,-37.64543151855469,16.24224853515625,1.8846449517711532,1
318,162,210,0.984504352709913,-7.295089721679687,9.255889892578123,1.6180026186977912,1
319,271,258,0.3656121048848105,-38.6785888671875,-6.568115234375,1.9793546817845884,1
321,163,210,0.9851875529830509,-7.497306823730469,9.520416259765623,1.6428419295605723,1
322,270,224,0.9535265258812784,-11.578052520751953,4.143585205078125,1.1847468742379204,1
323,196,224,4.533314326777373,-3.035388946533203,52.9676513671875,1.6447601981279294,1
324,242,250,3.7965807619414593,0.17407989501953125,49.73507690429688,1.3313649990285448,1
325,248,426,0.7881160273317873,-3.1791534423828125,-15.299896240234375,1.5949945605543163,1
326,261,261,0.7878957486262568,-15.953170776367188,4.146148681640625,1.9226347769433312,1
327,272,207,0.6190960695759354,-18.31940460205078,-12.03754425048828,1.4309105427289437,1
328,184,238,0.8005493604460479,-15.7911376953125,4.969085693359375,1.3051030458987944,1
329,235,210,0.7787872511557041,-15.327762603759766,-3.120452880859375,1.814808371378868,1
330,159,310,1.1069949782212765,-1.94940185546875,6.487884521484375,1.378924140598674,1
331,238,232,0.4436395985868619,-17.19464111328125,-22.053192138671875,1.5225191689718858,1
332,227,225,3.988849229679301,1.5007858276367188,42.82293701171875,1.3114613532673869,1
333,251,286,0.6476816534048968,-23.6439208984375,7.69500732421875,1.764227437956336,1
334,228,250,4.637149359519787,2.5984878540039062,50.05535888671875,1.2186298679299696,1
336,229,242,0.8119609309909465,-11.335365295410154,-6.00799560546875,1.910370781108161,1
337,266,235,0.445245270347692,-19.663043975830078,-21.858278274536133,1.6747970286461151,1
338,194,224,5.481679419924246,0.2246246337890625,50.98193359375,1.4245611777406657,1
339,226,220,0.6827958944500158,-18.518220901489254,-4.688735961914063,1.0177358325729091,1
341,180,224,0.6989606224611083,-15.421257019042967,3.290435791015625,1.3221190151985014,1
342,318,289,0.6998819055514202,-24.053733825683594,7.63031005859375,1.9952705077027466,1
343,229,240,0.8193245415868043,-12.467727661132812,-5.278732299804688,1.9471375710270733,1
344,274,273,0.7182974305153771,-18.003047943115234,-1.7989501953125,1.8876422287623924,1
345,233,265,0.7285312124949532,-8.51765251159668,-12.3768310546875,1.138367152738094,1
346,176,220,0.7917308843299528,-14.638679504394533,5.514556884765625,1.445019552843864,1
347,318,239,0.8365281024424214,-21.664527416229248,10.08709716796875,1.4423672777740502,1
348,224,264,0.8130907520729227,-10.27886199951172,1.083404541015625,1.8094074009395371,1
349,232,250,0.8682996000795379,-12.789299011230467,3.430511474609375,2.1266794845434327,1
350,176,255,0.8119455332580068,-11.014114379882812,4.96905517578125,1.144405263968626,1
351,189,242,0.7843242468143317,-15.4945068359375,4.16925048828125,1.249512504848385,1
352,226,224,3.7916583350581226,-3.3192291259765625,46.67434692382813,1.5812658537209587,1
353,203,224,0.7818663500558204,-12.016006469726562,-5.384918212890625,1.6082563277066084,1
354,246,243,0.4190646251975812,-20.735599517822266,-18.243560791015625,1.5686208220481077,1
355,178,199,0.6772853300986078,-13.979686737060547,2.5885009765625,1.248403171260971,1
356,217,181,0.7901804269592987,-6.502654075622559,-12.24859619140625,1.1479000491324904,1
357,175,215,0.8580868674733865,-11.963981628417967,7.6907958984375,1.367410083838832,1
358,213,232,0.6590845262188115,-16.631580352783207,-7.997238159179687,1.536481995212536,1
359,175,221,0.8005814367290626,-13.65692138671875,8.505889892578125,1.2642410348529618,1
360,187,211,0.6959891807943465,-17.176406860351562,8.5054931640625,1.5760869722693176,1
361,171,224,0.7360940549063363,-13.365768432617188,7.19842529296875,1.3561489379208258,1
362,187,227,-137.9915104089768,-0.09446334838867188,98.64471435546876,0.8716338441641663,1
363,209,227,0.6121351336209312,-20.24384307861328,-7.273300170898437,1.4902697273303918,1
364,259,270,0.7070030642799877,-21.040313720703125,4.9404296875,1.66882579102298,1
365,206,257,0.7323397840675847,-9.919296264648438,-7.110748291015625,1.5143854561978631,1
366,223,263,0.8167731928639762,-10.02106475830078,0.334991455078125,1.8594425434711668,1
367,250,231,0.5266749071930316,-29.57231903076172,-3.97113037109375,1.7473205572746393,1
368,215,211,0.7207251708911837,-16.658235549926758,-0.1678466796875,0.9790756650488952,1
369,269,248,0.6629723182743013,-29.877605438232425,5.963302612304688,1.8466046841091053,1
370,171,374,0.9748676857673017,-5.3743896484375,0.08343505859375,1.182489744852622,1
371,213,222,0.3456049600240473,-24.390628814697266,-21.908950805664066,1.8538277789549087,1
372,309,270,0.581379540481754,-17.0177001953125,-9.0306396484375,1.7923411004821737,1
373,220,182,0.7592857674144665,-6.495129585266112,-13.980178833007812,1.074468692851675,1
374,210,195,0.8519140777021575,-12.93752670288086,-2.2368621826171875,1.2100982528019602,1
376,202,222,0.7941940889642304,-12.555938720703125,-4.39373779296875,1.7088960200587542,1
377,275,194,0.8942835663237632,-20.417469024658203,4.4368896484375,1.8430582566371227,1
378,209,217,0.9677851995393708,-8.496604919433594,-0.3014984130859375,1.1519410289299872,1
379,241,196,0.932545361283588,-10.967514038085938,-3.177764892578125,1.8365256293512733,1
381,239,226,0.8410261084076049,-11.736474990844727,-6.22265625,1.3017274999996578,1
382,273,228,0.7736049359278595,-23.39157485961914,11.0482177734375,1.6237558512521697,1
383,258,263,0.7324583411007919,-18.459014892578125,2.111297607421875,1.8741125599577304,1
384,193,235,0.9210960443951712,-11.691543579101562,3.342559814453125,1.6390841630788455,1
385,225,341,4.107856361421218,-0.4495391845703125,81.95782470703125,1.1260846912420104,1
386,180,194,0.8334399339346147,-14.345417022705078,2.21484375,1.5667885454108232,1
387,224,239,0.7401620083294564,-22.645225524902344,8.665878295898438,1.3421399337651272,1
388,239,228,0.8442955457791678,-11.675836563110352,-6.479263305664063,1.3126225334519337,1
389,212,224,0.5248086819511188,-24.6626091003418,-5.1319580078125,1.5211999455034286,1
391,195,223,5.0590242975149495,0.2440071105957031,48.68414306640625,1.3541441630557909,1
392,294,243,1.0674105189693734,-28.33024597167969,40.593505859375,2.251698127957281,1
393,271,274,0.6905502101497101,-18.091716766357425,-3.296630859375,1.8298596943531504,1
394,190,206,5.003323320091524,-2.862762451171875,53.24777221679688,1.5283859970453475,1
395,253,344,0.6017492431650094,-12.02060317993164,-13.206878662109375,1.471473576405969,1
396,209,227,0.6081966539866984,-20.622798919677734,-7.16253662109375,1.4721265134777148,1
397,196,217,0.7565451520594789,-14.799468994140625,1.58056640625,1.3501111161979564,1
398,213,222,0.34759576337536896,-25.052547454833984,-22.40220642089844,1.7332171356400483,1
399,245,207,0.9248434785567512,-3.272874355316162,-12.25238037109375,1.1141677777899837,1
400,200,384,1.0624382351787067,-7.655479431152344,1.502716064453125,1.169811238175346,1
401,210,196,0.7971665682665686,-13.761091232299805,-5.678863525390625,1.5150633535140308,1
402,271,286,0.18405763727118754,-2.5507583618164062,-63.35441970825195,3.3810177556822203,1
403,238,232,0.44162489492597584,-17.524276733398438,-22.14730834960937,1.497834701147862,1
404,191,182,0.7588733497246274,-13.903892517089846,-3.650146484375,1.2471276597175334,1
405,214,280,0.8058076205926659,-7.9542579650878915,-3.634002685546875,1.1679660962601517,1
406,207,227,0.8035420430080918,-11.750083923339846,-5.313491821289063,1.1389943910762026,1
407,331,244,0.4443084278778117,-35.550445556640625,1.62921142578125,2.32996321048975,1
408,174,224,0.8125550779744561,-14.005966186523438,9.508819580078123,1.3510865980962985,1
409,221,265,0.7712460842228002,-18.18390655517578,5.45245361328125,1.515658409953335,1
411,272,275,0.6771363940265215,-18.627647399902344,-3.647430419921875,1.8528564691821887,1
412,216,211,0.6958803803605036,-17.180469512939453,-1.89129638671875,0.9738616637193974,1
413,207,193,0.8512270143951098,-13.061328887939453,-1.8038482666015625,1.430247240165289,1
414,257,232,0.7975255948918204,-14.709068298339846,-2.271209716796875,1.806574956308024,1
415,222,353,5.469543705413747,-0.7567520141601562,68.37234497070311,1.0931872221761287,1
416,209,221,3.6818862275449105,-5.9078330993652335,46.9625244140625,1.669017777508233,1
417,302,246,0.8637691817574397,-12.265892028808596,3.472274780273437,1.1630653477457176,1
418,180,223,0.7380469089159793,-15.11043930053711,5.15863037109375,1.2698682309778797,1
419,216,248,0.7033321550542236,-16.705917358398438,2.9552154541015625,1.2064514710593948,1
420,216,255,0.6069537607437702,-18.21319580078125,-6.518280029296875,1.4190188441640017,1
1,89,120,0.98907204178644,-0.5778961181640625,-1.5806884765625,0.6387105618995805,0
2,105,119,0.9414410285141772,-2.5400390625,-0.8587570190429688,0.6149611482524885,0
3,89,120,0.9681183744492848,-0.9056930541992188,-1.5252838134765625,0.666339233193108,0
4,94,120,0.9314533637589844,-0.5658493041992188,-1.9972991943359373,0.6631068234023368,0
5,87,118,0.9149144278869666,-2.0369796752929688,0.462738037109375,0.6801464770609239,0
6,108,122,0.8405112440210685,-4.023284912109375,-1.192474365234375,0.5925635261899291,0
7,88,118,0.8990081187545078,-2.138389587402344,-0.1630096435546875,0.6566252582697462,0
8,98,118,0.9393953478497132,-3.4889678955078125,0.082611083984375,0.7932146529247246,0
9,90,121,0.9380340993690274,-1.4026947021484375,-1.220123291015625,0.7100898705058133,0
10,110,122,0.9249662400316938,-2.425399780273437,-0.503387451171875,0.7320270473560627,0
11,90,121,0.9410032560877604,-1.3379974365234375,-1.193389892578125,0.711324982387206,0
12,94,121,0.9043299066882547,-1.814910888671875,-0.798980712890625,0.6917850585599254,0
13,88,119,0.9518077416568212,-1.2342987060546875,-0.04736328125,0.6709332559939238,0
14,109,120,0.8900987908757019,-3.300086975097656,-0.6190948486328125,0.6370935477477698,0
15,89,118,0.9361045594931244,-1.1969833374023438,-0.57330322265625,0.6656438994793324,0
16,93,117,0.97816395215727,-2.842445373535156,0.1015472412109375,0.6763949517401244,0
17,87,117,0.9174898409265176,-1.0805206298828125,-1.2152862548828125,0.6609717560486327,0
18,100,117,0.9675372849427748,-3.701690673828125,1.180938720703125,0.6362494120432972,0
19,87,117,0.9274180340678232,-1.3823471069335938,-0.839752197265625,0.6565373038718738,0
20,101,115,0.9397691359784056,-3.4555206298828125,-0.8865203857421875,0.62190828466959,0
21,88,119,0.9620518588711112,-1.843017578125,1.332550048828125,0.6756251736451443,0
22,103,118,0.9796542541257977,-3.2081298828125,1.292449951171875,0.6162544333752835,0
23,88,119,0.9417623042127272,-0.8976821899414062,-0.774688720703125,0.6746919678213267,0
24,99,113,0.9123627672397314,-3.22515869140625,-1.2735595703125,0.5429648239034639,0
25,88,120,0.918778116401904,-1.6015396118164062,-0.775848388671875,0.7081029447345397,0
26,88,117,0.9456311616151872,-2.166419982910156,-0.99853515625,0.7152796955501345,0
27,89,120,0.8693741055961437,-1.5124740600585938,-1.7537841796875,0.6875366396829012,0
28,94,121,0.8626465125036179,-2.2925796508789062,-0.8065948486328125,0.8030476458386887,0
29,89,120,0.9436036171097194,-1.5369873046875,-0.73016357421875,0.8052624458015151,0
30,110,120,0.8941429913309036,-2.5615997314453125,-2.0022125244140625,0.6867715945677136,0
31,89,120,0.9120259672086936,-1.0530166625976562,-1.8209991455078125,0.6776559906116056,0
32,91,120,0.9108440441190508,-1.5268630981445312,-1.253875732421875,0.6769457542793491,0
33,88,121,0.8763605927617416,-1.1811752319335938,-2.504119873046875,0.7039475749396911,0
34,91,119,0.9486894289620258,-0.21435546875,-3.371826171875,0.7305809468577689,0
35,90,121,0.8892525660026062,-0.9471511840820312,-2.701995849609375,0.6563161928432205,0
36,101,120,0.948831286540474,-0.691680908203125,-0.4672698974609375,0.8658489622776928,0
37,88,121,0.8906376678236297,-1.1848526000976562,-2.3443603515625,0.6498576269553897,0
38,92,119,0.913377248603677,-0.9171295166015624,-1.51531982421875,0.6464970038588762,0
39,89,121,0.882407865106827,-1.019622802734375,-2.876449584960937,0.6502682827543044,0
40,97,118,0.8800043798484728,-2.179771423339844,-1.22235107421875,0.5493935396852159,0
41,180,255,0.8184542946318529,-4.542526245117188,-1.763641357421875,0.8548465655040545,0
42,241,259,0.919832159278806,0.1984405517578125,-3.2154083251953125,0.6752447813625558,0
43,181,252,0.8024387059249456,-4.2061767578125,-4.553436279296875,0.7303688577276511,0
44,212,276,0.8791117246752173,-2.4190216064453125,-4.979034423828125,0.8554177090573122,0
45,184,240,0.8761741758077266,-7.7108917236328125,1.238311767578125,0.6886800480823999,0
46,210,246,0.9612027845964144,-5.983200073242188,2.531768798828125,0.6964486876045696,0
47,183,240,0.8840590536602644,-7.61322021484375,1.56414794921875,0.6889258169581026,0
48,195,219,0.9266132366014634,-6.87347412109375,2.900726318359375,0.6025554616809203,0
49,182,254,0.8088276665862872,-3.847976684570313,-3.024810791015625,0.8540869460123786,0
50,204,257,0.7774926140436329,-2.3978424072265625,-7.889678955078125,0.7498497506651294,0
51,182,253,0.8074765586842881,-4.60382080078125,-1.883544921875,0.8129117706601732,0
52,218,275,0.8444136981648356,0.3895416259765625,-8.54473876953125,0.8494886374668045,0
53,185,256,0.9586782647036892,-4.665084838867188,2.336761474609375,0.7562641881971359,0
54,202,251,0.9848271255963694,-4.53253173828125,2.494293212890625,0.6735209224183489,0
55,186,253,0.9480307323986508,-5.019683837890625,1.6878662109375,0.7607733492838568,0
56,197,230,0.911849526778955,-6.2954864501953125,1.32940673828125,0.5765950786946004,0
57,185,260,0.8979151172880865,-4.234527587890625,0.618133544921875,0.9279542311034084,0
58,252,264,0.979319553721254,-0.2501068115234375,-2.76312255859375,1.030503109007793,0
59,186,260,0.8936536702541439,-4.404815673828125,0.55255126953125,0.9198111536903536,0
60,192,249,0.8402530871716613,-7.048828125,-2.263916015625,0.8850971200552263,0
61,187,262,0.8529191603426213,-4.5584716796875,-1.057281494140625,0.952706468734968,0
62,226,260,0.9543780617313556,1.2042999267578125,-4.2733154296875,0.9535398689466834,0
63,185,261,0.8849799629377223,-4.788970947265625,1.24493408203125,0.9457508905143728,0
64,219,284,0.8722335665558945,1.4013824462890625,-8.271270751953125,1.073948541064944,0
65,178,254,0.9237131923249028,-4.858322143554688,2.822540283203125,0.9548638853025984,0
66,193,250,0.8542297843099008,-4.15435791015625,-0.88031005859375,0.6846321305123886,0
67,181,251,0.8227674973438187,-4.8549652099609375,-3.148956298828125,0.7579517416035408,0
68,213,273,0.8535931808159702,-2.9062042236328125,-4.482025146484375,0.8996112236911858,0
69,184,252,0.7969266863474379,-5.0478057861328125,-1.955352783203125,0.6811072420135531,0
70,234,256,0.907412991862518,-6.064468383789063,-0.196533203125,0.6983183998654676,0
71,183,250,0.8312466291218784,-5.0677490234375,-1.634613037109375,0.6597835419437971,0
72,195,223,0.9306940452796856,-7.28118896484375,0.85418701171875,0.5878569021601394,0
73,186,249,0.9155273826698216,-0.45513916015625,-3.20849609375,0.6904319170646713,0
74,212,256,0.8913128565417772,-0.459381103515625,-5.867340087890625,0.7795657024666935,0
75,183,248,0.9311552888510076,-2.4348602294921875,-0.567474365234375,0.7570586152237464,0
76,195,222,0.9158334537714654,-6.212104797363281,-1.03338623046875,0.6927921562920654,0
77,182,253,0.8351237466805761,-4.145278930664063,-2.976287841796875,0.7863754782574371,0
78,227,255,0.931065971605119,-2.206634521484375,-5.6993408203125,0.7601579185669658,0
79,182,253,0.8414140617616659,-4.4590911865234375,-2.6986083984375,0.7733309700683914,0
80,187,251,0.7273012282921477,-6.7946319580078125,-8.5010986328125,0.7168480301507212,0
81,78,101,0.9021991590422536,-0.19889068603515625,-1.98590087890625,0.8522554916364787,0
82,88,107,0.9282171767558252,-0.5409317016601562,-0.8978347778320312,0.7406673411821406,0
83,78,103,0.9196749235829422,0.02637481689453125,-2.23785400390625,0.8601582352410041,0
84,83,105,0.8917260774027773,0.1123809814453125,-2.94744873046875,0.7892114127306652,0
85,76,94,0.873878343190684,-1.4506072998046875,-0.707855224609375,0.6713055836103311,0
86,79,95,0.9042928960702936,-0.60345458984375,-1.7429656982421875,0.6891301607484421,0
87,76,94,0.8409278344903423,-1.5363845825195312,-1.199005126953125,0.6733676287278985,0
88,81,93,0.8036104994155782,-2.196151733398437,-1.2998199462890625,0.7265173682860978,0
89,82,108,0.8881990825682222,-0.2490692138671875,-1.9603729248046875,0.744265567248261,0
90,90,108,0.9595410265247208,-0.5230865478515625,-0.39315032958984375,0.8399211262815759,0
91,82,110,0.9006785397798345,0.17340087890625,-1.991729736328125,0.7316211842507843,0
92,83,101,0.985223447721066,0.6262054443359375,-1.83087158203125,0.8373483051444255,0
93,78,96,0.8022137224524367,-1.7064285278320312,-1.308441162109375,0.7199949778092127,0
94,78,96,0.7999429745896374,-1.2408981323242188,-1.97772216796875,0.6929816119811173,0
95,77,96,0.801871204300787,-1.535491943359375,-1.6224212646484375,0.7163961153536694,0
96,82,97,0.749370535003518,-1.9046096801757808,-3.460693359375,0.6512501483502948,0
97,77,101,0.8360272616866731,-0.35216522216796875,-2.4364166259765625,0.8377954730817256,0
98,95,102,0.8056743948350983,-4.344291687011719,-0.9313201904296876,0.6996329031979923,0
99,77,100,0.8454895631633363,-0.4892425537109375,-2.3390045166015625,0.8323445728828749,0
100,85,104,0.7931436118238461,-1.2158432006835938,-4.276046752929688,0.6690050123910576,0
101,77,101,0.8770437403597153,-0.073638916015625,-2.0098114013671875,0.8401871691422016,0
102,83,102,0.8947393173921876,0.041961669921875,-2.1995391845703125,0.5689276444242418,0
103,78,101,0.8977989978493297,-0.20880126953125,-1.6280517578125,0.8123607456471987,0
104,77,98,0.9281294318157388,-0.31848907470703125,-1.000946044921875,0.8305985499680653,0
105,78,101,0.8941426992242247,-0.06093597412109375,-1.8553009033203125,0.8804208116653577,0
106,87,106,0.8943822469342149,-0.676788330078125,-1.1148300170898438,0.7908526106246286,0
107,78,101,0.8811344297752672,0.02315521240234375,-2.2212677001953125,0.8687519605010441,0
108,83,102,0.9504382182001541,1.3553466796875,-4.379547119140625,0.7258414813339065,0
109,78,101,0.8817555968888785,-0.3924713134765625,-1.57611083984375,0.9102202255603912,0
110,86,104,0.8933739308085795,0.1046600341796875,-2.312347412109375,0.7387692627563479,0
111,78,101,0.8863859484303737,-0.35027313232421875,-1.6390380859375,0.90749147337342,0
112,85,105,0.8287533418204965,-0.5747222900390625,-2.930892944335937,0.8575523869170344,0
113,78,100,0.9244415413444491,0.07483673095703125,-1.6528778076171875,0.9190077963068998,0
114,94,105,1.052315624344281,-0.933197021484375,0.5739974975585938,0.8342482005245503,0
115,77,100,0.9377132393658829,0.036651611328125,-1.43902587890625,0.9110328941546574,0
116,78,101,0.9572313138976192,0.1927642822265625,-1.6142425537109375,0.8909294764976836,0
117,78,101,0.8937772887753042,-0.21979522705078125,-1.95458984375,0.9177718164734776,0
118,78,100,0.8911500526536764,-0.27172088623046875,-2.289459228515625,0.9049037289715048,0
119,78,100,0.8822392982034292,-0.3420257568359375,-2.1071319580078125,0.906410919332274,0
120,83,102,1.0056618877156374,0.4365997314453125,-1.1909637451171875,0.8043410871582227,0
121,76,99,1.0509585696076913,0.1554107666015625,1.3642578125,0.8124416611509937,0
122,79,102,0.93123139882223,-1.7590179443359375,1.6260986328125,0.7857303589642778,0
123,82,115,0.9508221536573308,-1.934783935546875,1.1326751708984375,0.7089915169340613,0
124,84,114,1.1940417485730708,1.0036773681640625,3.5899200439453125,0.7183464284767953,0
125,78,99,1.0255764557301137,-1.0076828002929688,3.897735595703125,0.9802708640742108,0
126,76,100,1.0388896099554379,-0.29987335205078125,2.670166015625,0.8007914497808253,0
127,83,108,1.048876963146369,-1.0235443115234375,1.175018310546875,0.7396605295151091,0
128,84,114,0.924002163846568,-1.401885986328125,0.456298828125,0.7164096649801074,0
129,84,114,0.8999466866717335,-1.8921585083007808,0.1061248779296875,0.7243439550502747,0
130,80,108,0.8558245673345729,-2.8452911376953125,-0.2348785400390625,0.7738938796932868,0
131,80,106,0.8830948668863847,-0.8819732666015625,-1.8557891845703125,0.7252716412304095,0
132,74,99,1.1207652231207357,-0.0898590087890625,3.2992401123046875,0.8943135562165535,0
133,83,110,1.0141967472911453,-0.23416900634765625,1.135223388671875,0.8391691457174821,0
134,82,108,1.0942327564592171,-0.9728851318359376,2.0512237548828125,0.8185236674612411,0
135,83,105,0.923625056127548,-1.7382659912109375,1.9175872802734373,0.6439756219519323,0
136,83,113,0.9018140594032124,-1.8603591918945312,0.1725006103515625,0.6594783550383274,0
137,81,106,0.9551982976910112,-0.952728271484375,-0.945648193359375,0.7718858687589628,0
138,81,108,1.0465499564783065,0.2711334228515625,2.08514404296875,0.7712362837818876,0
139,82,108,0.8863055364011387,-1.3448104858398438,-1.55352783203125,0.7624325692784254,0
140,84,112,1.0857150950143577,-0.67913818359375,4.112518310546875,0.7450570969158613,0
141,84,114,1.0611914362118584,-0.31884002685546875,2.9139862060546875,0.7906270139584785,0
142,79,106,1.063692509141816,1.195281982421875,2.38116455078125,1.0073883044730358,0
143,77,98,0.9821163162151824,-0.8993377685546875,1.5918731689453125,0.8009687791811158,0
144,74,96,1.020770359312901,0.8866500854492188,0.1829681396484375,1.2585146193258807,0
145,76,101,0.9602010477134362,0.1119537353515625,0.4730072021484375,1.2632252114571187,0
146,81,108,1.3099375773443898,2.7435073852539062,3.587493896484375,0.7846308923237172,0
147,87,116,1.0422863647295466,-0.4596099853515625,1.09588623046875,0.8826450165697546,0
148,75,98,0.9725443176299174,-0.6202468872070312,1.187744140625,0.8041709493607931,0
149,76,96,1.0616533151418317,0.23130035400390625,1.05596923828125,0.670394140246655,0
150,74,98,1.0692810520361085,0.22475433349609372,1.52947998046875,0.8200687724301461,0
151,75,98,1.0001779382630924,0.0973968505859375,0.4865875244140625,0.7413310326905113,0
152,76,99,0.8951964374357019,-0.258453369140625,-1.15045166015625,0.7597451753507786,0
153,76,99,0.9890371107581006,-0.3181991577148437,0.7657470703125,0.7299825855540134,0
154,78,99,0.8988794453018308,-1.7015457153320312,1.0319061279296875,0.7893908261215549,0
155,76,96,0.5392298941839743,-3.0734100341796875,-7.43780517578125,0.6801616600640957,0
156,77,97,0.4537095065968818,-4.064735412597656,-9.47064208984375,0.6205025823309887,0
157,78,95,0.5058643721627094,-3.720024108886719,-8.099472045898438,0.5904947599898062,0
158,76,94,0.44876957766584746,-3.7470855712890634,-10.267822265625,0.6021718792158887,0
159,78,96,0.4911781725446417,-3.646095275878906,-9.08636474609375,0.5692971564895893,0
160,79,98,0.8725433817961182,-0.2232818603515625,-1.832122802734375,0.6800653182912522,0
161,76,99,1.539929251509811,0.19185638427734372,7.5798187255859375,0.8101452938931641,0
162,75,98,1.2983799518490342,0.05853271484375,5.203582763671875,0.8051300913397963,0
163,76,98,1.4119111502985522,0.647552490234375,5.456222534179688,0.9110963076678409,0
164,80,100,1.3945396749440295,1.4018630981445312,4.972564697265625,0.7749520834746458,0
165,83,112,1.2261729512867146,1.7417526245117188,2.5789947509765625,0.7783072033485117,0
166,82,112,1.3767479006978398,-2.3094482421875,8.64141845703125,1.311588104021114,0
167,78,104,1.208799657464676,-0.383544921875,2.441802978515625,0.8471927088968045,0
168,81,107,1.16162059035222,1.1638336181640625,3.27587890625,0.8390527835179126,0
169,79,99,0.946934929710172,-1.9784393310546875,1.3852691650390625,0.7072779156036824,0
170,78,106,1.171822161154186,-0.3533172607421875,2.398910522460937,0.9128595666249936,0
171,200,188,0.7841556813480806,-20.696152687072754,13.82861328125,0.8870694230697156,0
172,258,213,0.7824972835030489,-8.075837135314941,-10.534408569335938,1.1515516385625049,0
173,187,184,0.8247152427945842,-9.262201309204102,1.365509033203125,0.9253538731361908,0
174,204,168,0.7418801179735355,-8.667519569396973,-13.292694091796875,0.8859673492940372,0
175,196,257,0.8077106150812358,-5.700645446777344,2.09881591796875,0.7910272611192325,0
176,187,186,0.7884712405785674,-10.645915985107422,0.980133056640625,1.1170469862514074,0
177,218,186,0.8038331523850146,-9.338092803955078,-5.8123931884765625,0.8163440813314868,0
178,205,170,0.7546061590679735,-8.187489986419678,-13.793548583984375,0.844438808551582,0
179,211,201,1.078847566072787,-6.973428726196289,7.22869873046875,0.89582581617879,0
180,194,186,0.7292333206229308,-7.9949684143066415,-7.85235595703125,0.9929002841876394,0
181,190,188,0.7589191981422136,-10.134597778320312,-0.640625,1.0392188791733448,0
182,230,186,0.7192559085285961,-14.37969970703125,-6.430938720703125,0.9210791150836256,0
183,194,185,0.7516195310833207,-8.73353099822998,-5.51226806640625,1.0042977561981306,0
184,187,161,0.8255645877413201,-6.776933670043945,-3.2098388671875,0.8795194637814958,0
185,175,127,0.8958458419290541,-3.395941257476806,5.952392578125,0.3333180891830351,0
186,213,194,0.7751724048434487,-6.5483665466308585,-15.263824462890625,1.2083789217911347,0
187,188,186,0.832050977846245,-9.685016632080078,1.40838623046875,0.968358539771955,0
188,155,201,0.7505892893791092,-5.789588928222656,-2.545745849609375,0.9547884450300608,0
189,234,219,0.8244877546357923,-12.875633239746096,2.32489013671875,0.7436519125329889,0
190,187,167,0.7872594895858772,-6.644882678985597,-6.20196533203125,0.8946180019404075,0
191,185,185,0.9077000273381942,-7.11810302734375,-1.90130615234375,0.96531290683086,0
192,278,201,0.9763802036262752,-10.853498458862305,-0.172149658203125,0.8481118825794408,0
193,154,194,0.7328095446790628,-5.2170677185058585,-5.50286865234375,0.7317810913928178,0
194,202,229,0.7144616840340641,-9.696258544921877,-10.196136474609377,0.7778581670162247,0
195,186,125,0.5014654472262439,-10.515618324279783,-9.646514892578123,0.6780903634360621,0
196,157,193,0.6490452380734741,-8.9581298828125,-5.910491943359375,0.6985316145395589,0
197,260,195,1.0730703086706477,-6.326622009277344,-1.3719635009765625,0.7937543945355822,0
198,203,184,0.8265860543085704,-20.71778106689453,9.693893432617188,0.9868086832944524,0
199,208,158,0.8037537239422575,-7.937042236328125,2.166961669921875,0.9228896179256619,0
200,198,176,0.8230629157827091,-10.887995719909668,-2.125732421875,1.0519425340644917,0
201,186,185,0.7975029558415101,-9.904411315917967,0.803436279296875,1.0167968763393525,0
202,238,192,0.9163626869112858,-8.237640380859375,-2.785125732421875,0.8471578808852426,0
203,176,184,0.6573562650531668,-10.99979019165039,-5.98699951171875,0.8499688953927268,0
204,207,159,0.8306263136330365,-6.356247901916504,0.9891357421875,0.9081305799369142,0
205,159,214,0.6487461681043701,-6.251350402832031,-11.2332763671875,0.7756431673357237,0
206,187,185,0.7904231536644029,-8.984048843383789,-1.77239990234375,0.9035043091460044,0
207,217,187,0.8521789394638823,-21.015186309814453,8.988677978515625,0.943513467820436,0
208,219,189,0.9860969382168868,-6.900436878204347,-3.9420166015625,1.168984571764497,0
209,203,201,0.9579787874049708,-10.563732147216797,4.511993408203125,0.9929462567094968,0
210,191,145,0.610746927509468,-10.76301097869873,-8.664215087890625,0.4918523907207081,0
211,198,179,0.8775813016149899,-9.654393196105957,-0.81494140625,1.0211419473378986,0
212,204,188,0.8712416459922382,-10.913122177124023,3.25457763671875,0.8756754711734377,0
213,181,186,0.6063860356663205,-14.458189010620115,-4.61407470703125,0.978083974313298,0
214,186,162,0.8336939874760753,-7.132516860961914,-3.4095458984375,0.9467348696819631,0
215,185,193,0.7675538189324683,-7.396834373474121,-2.705841064453125,0.8352608063102002,0
216,186,185,0.8318754095908475,-10.503490447998047,2.798004150390625,1.0311712577112078,0
217,220,180,0.8655815181275964,-8.570051193237305,-3.7880859375,0.7590528944397481,0
218,199,179,0.8457659346607475,-10.063497543334961,-1.81201171875,0.9715677772778936,0
219,217,201,0.6750262725085846,-11.563275337219238,-10.36419677734375,0.9736975036853174,0
220,208,158,0.9475304019609044,-4.016403675079347,3.714141845703125,0.7960529794319026,0
221,192,186,0.8444007891724056,-8.597861289978027,-5.052215576171875,1.0134699917148642,0
222,194,184,1.0231683967015806,-8.768659591674805,6.417236328125,0.9483227992394933,0
223,188,182,0.9052727875995312,-9.121734619140623,-0.76141357421875,1.087413665317086,0
224,218,201,0.833395533188878,-11.38835906982422,-1.70550537109375,0.8229943389615999,0
225,188,277,0.92287848071602,-3.281929016113281,-1.530792236328125,0.7100681917453424,0
226,175,185,0.6686726377213226,-10.30034637451172,-7.059600830078125,0.8813283806308612,0
227,242,198,0.8086920553830077,-11.974275588989258,-6.271636962890625,0.9654831817775116,0
228,194,180,0.8390121351355161,-12.628047943115234,2.171142578125,0.954823889565472,0
229,196,156,0.6302173289851318,-13.056793212890625,-1.75189208984375,0.9450152369204566,0
230,191,206,0.9095277269042544,-7.18077278137207,2.97857666015625,0.8649112649819276,0
231,187,190,0.8982556505555312,-11.526375770568848,6.020660400390625,0.8974778242086708,0
232,205,193,0.07495500010435026,3.1328201293945312,-73.13896179199219,0.7489699826997906,0
233,186,186,0.8094923002887392,-8.625942230224611,-0.549560546875,0.9472930468722072,0
234,186,181,0.8264868167000675,-8.434516906738281,0.500518798828125,0.7844024917648648,0
235,181,236,0.8340677520731219,-7.2873687744140625,-1.066986083984375,0.8627315907301104,0
236,156,202,0.7614238366872657,-5.264617919921875,-3.2196044921875,0.9629515384615384,0
237,253,190,0.7624121060276792,-20.641822814941406,-0.847198486328125,0.8351659866323888,0
238,188,187,0.8285117400176155,-8.159261703491211,0.611114501953125,0.8330255183722629,0
239,196,192,0.8700284379079819,-10.532358169555664,5.133514404296875,1.0097137995066574,0
240,196,207,0.9450943054587926,-10.559091567993164,6.674652099609375,0.8786037063241977,0
241,185,184,0.7694772685997942,-10.113534927368164,-0.921356201171875,1.128613516850025,0
242,276,202,1.0859036664798671,-15.391112327575685,10.2764892578125,1.1350112547927873,0
243,190,180,1.1303623326405736,-8.517187118530272,10.365020751953123,0.901950781827022,0
244,185,178,0.8492763442169663,-8.036158561706543,-0.676483154296875,1.094779731214086,0
246,195,184,0.7032839486517936,-15.39048671722412,-0.3967742919921875,0.9577841881812479,0
247,210,185,0.8505503722410724,-7.2767906188964835,-2.88092041015625,0.8398184209553097,0
248,187,188,0.8978059557897293,-10.014204025268556,4.561676025390625,0.8607555524768302,0
249,250,226,0.9342462256927048,-5.558860778808594,-10.6337890625,1.1871141752967758,0
250,191,228,0.9116762359575185,-6.211967468261719,1.7930908203125,0.9119437637920632,0
251,194,184,0.8505447315104433,-12.187113761901855,-0.0296630859375,1.0559094347057032,0
252,231,188,0.8310789285978833,-8.35930061340332,-5.84814453125,0.7885478181913987,0
253,186,190,0.9185871937243868,-9.676729202270508,6.1060791015625,0.9614242989166918,0
254,212,161,0.7156057798957838,-22.232309341430664,4.3888702392578125,1.1142555965808705,0
255,191,151,0.7688216157528165,-10.145509243011476,0.060089111328125,0.6158805499670604,0
256,187,192,0.7626110776647699,-7.566830635070801,-3.41796875,0.7800593480360147,0
257,247,193,0.9584593284896072,-9.86158561706543,0.0917510986328125,0.7555849643089035,0
258,186,187,0.8128878268648458,-10.349617004394533,2.337005615234375,0.9898191958387436,0
259,195,187,0.9070112161603175,-8.179859161376951,-0.7188720703125,0.9162522891079632,0
261,206,172,0.7419556606112664,-8.318610668182371,-14.657806396484375,0.8306368001205628,0
262,186,196,0.01574536379573564,-0.5402965545654297,-72.03288269042969,0.6713948569226333,0
263,188,186,0.7781784688944898,-9.244729995727539,-2.54205322265625,0.8405714349324459,0
264,199,175,0.7760757859873852,-11.872272491455078,-3.49853515625,1.0436478416384287,0
266,181,186,0.6454593472777511,-13.74531364440918,-2.911346435546875,1.0137177922608716,0
267,269,198,0.808062996986593,-17.369029998779293,-0.954803466796875,0.8854779927609432,0
268,188,186,0.7582904118293075,-9.867142677307127,-1.21142578125,0.8004927488165601,0
269,188,161,0.8634222478451004,-4.883658409118652,-4.742431640625,0.8480856137420336,0
270,189,219,0.8314575655744665,-4.679798126220703,-1.747467041015625,0.7849665106869715,0
271,188,189,0.8171184965876106,-9.190248489379883,0.904998779296875,0.8595005180461928,0
272,211,191,0.7718092559421466,-11.937644958496096,-7.725250244140625,1.0394661032855552,0
273,195,184,0.6948892839323152,-15.780418395996096,-0.4056396484375,0.9465185201531964,0
274,193,153,0.6570528737032918,-16.170358657836914,4.133209228515625,0.8663530040190128,0
275,202,162,0.6034540698208075,-8.3925461769104,-29.0511474609375,0.5259243673130986,0
276,186,192,0.7590303995739567,-8.561136245727539,0.689300537109375,0.8914693964695868,0
277,235,193,0.8872157458790255,-9.320175170898438,-3.2754364013671875,0.9150625721347808,0
278,187,184,0.7798115722557964,-9.399433135986328,-1.1658935546875,0.9052304588920329,0
279,188,163,0.8874845040508829,-4.8758697509765625,-3.186431884765625,0.8246999228165445,0
281,186,190,0.9144471486682892,-10.058774948120117,6.727508544921875,0.9683552433056792,0
283,191,182,0.8198643439109312,-8.186681747436522,-6.592315673828125,0.9980943534610254,0
284,183,181,0.6742378559463986,-9.967510223388672,-6.250885009765625,0.7926139353949626,0
286,188,186,0.7568823875332462,-9.781461715698242,-1.51873779296875,0.8051154043981319,0
287,286,220,0.8925098875986168,-10.756807327270508,0.12908172607421875,1.062617866667736,0
288,187,184,0.7972608605121076,-8.710588455200195,-1.669830322265625,0.9925683031769958,0
289,158,176,0.6796033592587386,-7.065563201904298,-5.456329345703125,0.9051117131071414,0
290,207,278,0.7725731545863002,-19.217060089111328,5.3991241455078125,0.8868066639312693,0
291,194,188,0.651023946382444,-10.658246994018556,-7.45025634765625,1.0635811266559665,0
292,211,182,3.134430301888861,-21.7976188659668,65.65826416015625,0.6202505116667493,0
293,186,185,0.8137707870615354,-10.567821502685547,1.650421142578125,1.0069545220093,0
294,247,232,0.9160835352737768,-8.692253112792969,-1.404876708984375,0.7823752906895689,0
295,185,187,0.815056285925394,-8.555459976196289,0.306793212890625,0.963131919946533,0
296,210,190,0.8774731937620701,-9.298710823059082,-2.925811767578125,1.1443290718804957,0
297,224,197,13.868701732645881,-4.75238037109375,87.74652099609375,0.6339926684996772,0
298,208,194,0.5572355537746639,-15.230388641357422,-15.278045654296875,1.4374639848918895,0
299,172,218,0.6149282399034028,-9.198036193847656,-11.9913330078125,1.0877905358155853,0
300,162,304,0.6382149801451459,0.3330230712890625,-11.942626953125,1.1313865487198638,0
301,205,174,0.8422007714411566,-6.76632022857666,-8.139663696289062,1.3214014628309407,0
302,198,189,0.8027188033751809,-10.337425231933594,-6.664306640625,1.3471722952974037,0
303,176,200,0.554516139549706,-14.476539611816404,-11.771316528320312,1.2318560523628257,0
304,178,184,0.486230432619318,-14.586143493652346,-16.360565185546875,1.2012790384795182,0
305,217,374,0.7045413951044552,-3.2906494140625,-22.82533264160156,0.7529856245052624,0
306,207,197,0.5492818231692963,-16.366544723510742,-14.052032470703125,1.4584044168692123,0
307,197,174,0.2477430822566716,-18.52390480041504,-44.15284729003906,0.9131500456382032,0
308,191,186,0.6216412636987633,-12.741107940673828,-4.20245361328125,0.9949609615009966,0
309,200,186,0.9436805609808644,-2.0248031616210938,-10.74932861328125,1.0206713517638548,0
311,170,183,18.199385564675172,-1.3512325286865234,71.41400146484375,0.9152952107976536,0
312,238,202,0.7639369713994744,-11.66622543334961,-12.773529052734375,1.9092186243283105,0
313,166,184,0.13660252123401145,-12.031257629394533,-46.06398010253906,1.1861967524584058,0
314,190,253,1.143017093027327,5.555221557617188,-4.035202026367188,1.3277093900815014,0
316,167,234,1.015811569320909,-0.094085693359375,-2.1240692138671875,1.0854273734334428,0
317,173,204,0.7301243894299323,-10.817153930664062,-5.0283050537109375,1.0015079021397966,0
318,175,177,0.215319392512841,-15.760173797607422,-34.329833984375,1.034649163503347,0
319,225,215,0.5252437234599575,-16.858787536621097,-14.42425537109375,1.2520967148088589,0
321,176,177,0.2124081093771851,-15.684158325195312,-34.83599853515625,1.0423248392092623,0
322,198,242,1.1643364298489467,6.100738525390625,-4.782440185546875,1.2064135448082611,0
323,209,189,0.8922248705196535,-9.083683967590332,-3.32196044921875,1.0839233189815856,0
324,204,173,0.5910403508424574,-10.77474069595337,-15.949554443359375,1.0357597242826773,0
326,212,197,0.8277553484415078,-9.248298645019533,-12.438644409179688,1.9535479084771905,0
327,335,261,0.9126220528697307,-5.239899635314941,-4.18902587890625,1.295457509519191,0
328,192,181,0.7975105640954508,-10.552239894866943,1.2264404296875,0.8547008633246974,0
329,197,182,0.8488897807223398,-10.843985557556152,-1.35205078125,1.31974023776517,0
330,178,213,0.24266896768434265,-16.646732330322266,-31.3748779296875,1.0846607827680552,0
331,151,210,0.7868211091442281,-4.6079864501953125,-2.52227783203125,1.0631194528444576,0
332,227,196,0.7670305964423698,-7.998725891113281,-12.611083984375,0.9807700603147076,0
333,173,185,19.465441953430343,1.2037429809570312,75.7445068359375,0.9277430294781619,0
334,231,217,0.8390956864515129,-8.17213249206543,-6.199127197265625,0.9934436423646376,0
335,220,299,0.7988032756806019,-6.235389709472656,-10.901077270507812,1.812978015622992,0
336,187,188,0.7698698915629251,-10.037397384643556,-5.9781494140625,1.3080293440554756,0
337,299,222,0.8426925729516784,-21.256596565246586,9.81109619140625,1.4496187029502077,0
338,207,180,0.76073282844515,-7.668715000152588,-11.7027587890625,1.0300017098157856,0
339,205,208,0.18101553847643176,-16.094329833984375,-51.23890686035156,1.1191955012997352,0
340,161,150,0.7129456141777091,-5.310630798339844,-3.156982421875,1.0810449124398198,0
341,222,194,0.4649478724293949,-26.95733070373535,-8.605621337890625,1.8326713158319192,0
342,182,200,0.7142614321300489,-8.862419128417969,-8.576812744140625,0.9955321658226456,0
343,185,188,0.7692047518957361,-9.98859977722168,-5.79986572265625,1.2949154000057608,0
344,204,176,0.7374271731779695,-8.586343765258789,-9.855499267578123,1.2374530629791316,0
346,204,187,0.8127798095762834,-10.851352214813232,-3.060577392578125,1.1022388940354388,0
347,238,195,0.8355237989126469,-7.994588851928711,-9.844161987304688,1.1330581227787104,0
348,197,172,0.7439516548780688,-6.916666030883789,-13.2921142578125,1.0855229608169437,0
349,207,190,0.7908852464226048,-2.8482694625854488,-14.94189453125,1.0774185200472102,0
351,196,169,0.7597762246475722,-8.648435592651367,-6.374176025390625,0.9392307549093808,0
352,280,206,0.8195284818128917,-20.53290557861328,0.661224365234375,0.95164488618799,0
353,195,181,0.8326248078889371,-10.49942398071289,-2.3914337158203125,1.2151859523716833,0
354,211,156,0.6859390792273798,-7.052149295806885,-10.36773681640625,1.0120704134105871,0
356,178,189,0.6688029770518916,-9.352716445922852,-5.960845947265625,1.28487717597205,0
357,305,234,0.9221197438218116,-11.78447151184082,-2.989204406738281,1.2951390621468044,0
358,202,172,0.8730078923797131,-7.198591232299805,-5.8837432861328125,1.2356588752745326,0
359,222,154,0.6748996245583502,-7.573578834533691,-9.261444091796877,1.1979011497446304,0
361,166,184,0.1404539539189008,-12.50545883178711,-45.1973876953125,1.146693847998426,0
362,176,203,0.08859908824273516,11.174455165863037,-63.89126205444336,0.9462381283468744,0
363,193,193,0.6638619635208907,-16.709888458251953,-6.541763305664063,2.1744229253740177,0
364,211,215,0.636813628893083,-9.096721649169922,-14.924896240234375,1.0065791533388475,0
365,218,308,0.6873541593015252,-7.080696105957031,-8.557586669921875,1.3425462974280835,0
366,199,175,0.7195490448029802,-8.164129257202147,-15.351455688476562,1.069960929204402,0
367,257,202,0.751161512016679,-21.453731536865234,-2.984588623046875,2.213760528446498,0
368,166,235,1.028417762700135,0.072174072265625,-1.79095458984375,1.0619985645434125,0
369,195,183,0.6967021636728081,-16.409385681152347,-5.1193695068359375,1.7207540576561688,0
370,184,293,0.33216746631050226,-10.866981506347656,-39.277191162109375,1.034365677721396,0
371,180,190,0.6258702615726961,-10.918163299560547,-9.7034912109375,1.1247927299136364,0
372,316,246,0.802018226324866,-12.033648490905762,-6.7777862548828125,1.4783404922373542,0
373,180,189,0.6689949116313315,-9.599658966064453,-5.81878662109375,1.2840428981941572,0
374,197,158,0.7024384183999433,-8.005735397338867,-1.84063720703125,1.336175040101562,0
376,200,186,0.7775846783537069,-13.847143173217773,-1.4662933349609375,1.2441606436998882,0
377,203,195,0.5782775797655344,-16.262138366699222,-12.45013427734375,1.3037449002452883,0
378,165,234,1.1398905338197454,5.668243408203125,-5.3749542236328125,1.0660606115589455,0
379,201,169,0.6113015124937097,-12.660831451416016,-11.2320556640625,1.2196815602993878,0
380,183,218,0.6239251193385799,-9.55318832397461,-12.804595947265625,1.118245537016996,0
381,207,184,0.9530699464767528,-6.7702178955078125,-5.85186767578125,1.2078277559690145,0
382,223,201,0.10787860864090436,-26.07478332519531,-33.68974494934082,1.314069752771018,0
383,211,196,0.8395598375375769,-8.827579498291016,-12.569961547851562,1.9042403816659843,0
384,177,149,0.2688998871535717,-10.929533004760742,-32.15927124023437,1.2580469327477029,0
385,209,205,0.8171295992195385,-7.252629280090332,-9.194198608398438,0.9429523968100528,0
386,176,199,0.5459446481349649,-14.508338928222654,-11.85430908203125,1.2783449481856974,0
387,220,180,0.6721999151014955,-11.043598175048828,-11.0919189453125,0.8017222964444135,0
388,204,183,1.0194294075895711,-4.834428787231445,-4.231536865234375,1.2139507633615445,0
389,203,181,0.6499501141842435,-11.91647720336914,-14.342681884765625,1.7364041434501662,0
391,208,181,0.7065446152400047,-9.361538887023926,-12.09393310546875,0.9933334488366338,0
392,230,194,0.856586514178687,-8.24190616607666,-5.534194946289063,0.990943028374521,0
393,149,203,0.7676835799301941,-1.7440872192382812,-5.98760986328125,1.160947638663168,0
394,189,173,3.783983348768025,-4.0739784240722665,62.818359375,1.2333671470469034,0
395,208,175,0.9923839771453072,-3.758969783782959,-12.374969482421875,1.3587082291870938,0
396,194,194,0.6887316862406222,-16.778827667236328,-5.874847412109375,2.1367379650566063,0
397,204,173,0.1974873078168752,-15.991992950439453,-53.56802749633789,1.1805581393717857,0
398,182,191,0.6243716638212349,-11.32229232788086,-8.65985107421875,1.0700150012446503,0
399,208,180,0.7819534834666237,-7.531270980834961,-8.956695556640625,0.8591746743539762,0
400,174,129,0.4563314420236273,-11.193963527679443,-16.97967529296875,0.32454744729578194,0
401,199,189,0.9145685311578172,-2.540839195251465,-9.97430419921875,1.0259678805290058,0
402,214,175,0.6423804983357091,-10.083667755126953,-16.67877197265625,0.8767956199847091,0
403,151,208,0.7830995097581249,-4.5615081787109375,-2.758544921875,1.0765784499850564,0
404,166,229,0.9490358355490148,1.4344711303710938,-8.041412353515625,0.9951138763662444,0
405,167,249,1.1233486882814572,6.5054779052734375,-2.9032745361328125,1.0949618793917701,0
406,165,235,1.0788545876687592,7.5439300537109375,-9.579452514648438,1.1325605882119651,0
407,184,190,0.6814829118703274,-10.226818084716797,-9.594451904296877,1.0328272466317947,0
408,205,186,0.8368010388507012,-9.477996826171877,-4.236053466796875,1.0947587651124389,0
409,183,171,0.7315357978753342,-5.619699478149414,-8.80560302734375,1.2189518282557743,0
410,205,236,0.8412702686481098,1.649301528930664,-19.922607421875,0.9925239870773068,0
411,150,203,0.7595660453850164,-3.078681945800781,-6.734771728515625,1.2004346131746089,0
412,218,237,1.1042425001900824,0.9314804077148438,-3.0372467041015625,1.47821693216548,0
413,199,189,0.9577536742591151,-2.013195037841797,-8.844818115234375,1.016319551144266,0
414,218,172,0.4125055428869036,-26.80667209625244,-10.925262451171877,1.4891954633198718,0
415,200,150,0.6602683245683224,-6.850268840789795,-10.309600830078123,0.349872702826216,0
416,192,187,0.6318182805820219,-12.692928314208984,-4.1163177490234375,1.0006637500852942,0
417,264,216,0.4906323548045324,-23.088882446289066,-12.594635009765625,1.1541930726860588,0
418,221,194,0.4736409862954392,-29.30414581298828,-5.5677337646484375,1.7291876268061337,0
419,150,200,0.7257508941259309,-6.404998779296875,-3.98052978515625,1.0890152436344538,0
420,211,157,0.5852371835040113,-10.978109359741213,-14.489288330078125,0.6777942126556893,0
